ifsc,bank_id,branch,address,city,district,state,bank_name
ABHY0065001,60,RTGS-HO,"ABHYUDAYA BANK BLDG., B.NO.71, NEHRU NAGAR, KURLA (E), MUMBAI-400024",MUMBAI,GREATER MUMBAI,MAHARASHTRA,ABHYUDAYA COOPERATIVE BANK LIMITED
ABHY0065002,60,ABHYUDAYA NAGAR,"ABHYUDAYA EDUCATION SOCIETY, OPP. BLDG. NO. 18, ABHYUDAYA NAGAR, KALACHOWKY, MUMBAI - 400033",MUMBAI,GREATER MUMBAI,MAHARASHTRA,ABHYUDAYA COOPERATIVE BANK LIMITED
ABHY0065003,60,BAIL BAZAR,"KMSPM'S SCHOOL, WADIA ESTATE, BAIL BAZAR-KURLA(W), MUMBAI-400070",MUMBAI,GREATER MUMBAI,MAHARASHTRA,ABHYUDAYA COOPERATIVE BANK LIMITED
ABHY0065004,60,BHANDUP,"CHETNA APARTMENTS, J.M.ROAD, BHANDUP, MUMBAI-400078",MUMBAI,GREATER MUMBAI,MAHARASHTRA,ABHYUDAYA COOPERATIVE BANK LIMITED
ABHY0065005,60,DARUKHANA,"POTIA IND.ESTATE, REAY ROAD (E), DARUKHANA, MUMBAI-400010",MUMBAI,GREATER MUMBAI,MAHARASHTRA,ABHYUDAYA COOPERATIVE BANK LIMITED
ABHY0065006,60,FORT,"ABHYUDAYA BANK BLDG., 251, PERIN NARIMAN STREET, FORT, MUMBAI-400001",MUMBAI,GREATER MUMBAI,MAHARASHTRA,ABHYUDAYA COOPERATIVE BANK LIMITED
ABHY0065007,60,GHATKOPAR,"UNIT NO 2 & 3, SILVER HARMONY BLDG,NEW MANIKLAL ESTATE, GHATKOPAR (WEST), MUMBAI-400086",MUMBAI,GREATER MUMBAI,MAHARASHTRA,ABHYUDAYA COOPERATIVE BANK LIMITED
ABHY0065008,60,KANJUR,"BHANDARI CO-OP. HSG. SOCIETY, KANJUR VILLAGE, KANJUR (EAST), MUMBAI-400078",MUMBAI,GREATER MUMBAI,MAHARASHTRA,ABHYUDAYA COOPERATIVE BANK LIMITED
ABHY0065009,60,NEHRU NAGAR,"ABHYUDAYA BANK BLDG., B.NO.71, NEHRU NAGAR, KURLA (E), MUMBAI-400024",MUMBAI,GREATER MUMBAI,MAHARASHTRA,ABHYUDAYA COOPERATIVE BANK LIMITED
ABHY0065010,60,PAREL,"SHRAMA SAFALYA, 63 G.D.AMBEKAR MARG, PAREL VILLAGE, MUMBAI-400012",MUMBAI,GREATER MUMBAI,MAHARASHTRA,ABHYUDAYA COOPERATIVE BANK LIMITED
ABHY0065011,60,SEWRI,"NAVNIDHI INDUSTRIAL ESTATE, ACHARYA DONDHE MARG, SEWRI, MUMBAI-400015",MUMBAI,GREATER MUMBAI,MAHARASHTRA,ABHYUDAYA COOPERATIVE BANK LIMITED
ABHY0065012,60,WADALA,"B.P.T.MARKET BLDG., NADKARNI PARK, WADALA (EAST), MUMBAI-400037",MUMBAI,GREATER MUMBAI,MAHARASHTRA,ABHYUDAYA COOPERATIVE BANK LIMITED
ABHY0065013,60,WORLI,"LANDMARK,NEXT TO MAHINDRA TOWERS, PLOT NO.1, J M BHOSLE MARG, WORLI, MUMBAI-400018",MUMBAI,GREATER MUMBAI,MAHARASHTRA,ABHYUDAYA COOPERATIVE BANK LIMITED
ABHY0065014,60,MUMBRA,"RIZVI APARTMENTS, OPP. RAILWAY STATION, MUMBRA-400612",MUMBAI,GREATER MUMBAI,MAHARASHTRA,ABHYUDAYA COOPERATIVE BANK LIMITED
ABHY0065015,60,TURBHE,"A.P.M.C.MARKET, ADMINISTRATIVE BLDG, TURBHE, NAVI MUMBAI-400705",MUMBAI,GREATER MUMBAI,MAHARASHTRA,ABHYUDAYA COOPERATIVE BANK LIMITED
ABHY0065016,60,VASHI,"ABHYUDAYA BANK BLDG., SECTOR 17, VASHI, NAVI MUMBAI-400705",MUMBAI,GREATER MUMBAI,MAHARASHTRA,ABHYUDAYA COOPERATIVE BANK LIMITED
ABHY0065017,60,MOBILE BANK,"ABHYUDAYA BANK BLDG., SECTOR 17, VASHI, NAVI MUMBAI-400703",MUMBAI,GREATER MUMBAI,MAHARASHTRA,ABHYUDAYA COOPERATIVE BANK LIMITED
ABHY0065018,60,NEW PANVEL,"ABHYUDAYA BANK BLDG., SECTOR 17, NEW PANVEL-410206",MUMBAI,GREATER MUMBAI,MAHARASHTRA,ABHYUDAYA COOPERATIVE BANK LIMITED
ABHY0065019,60,KALAMBOLI,"BLDG F-4, SHOP NO 17-20, SECTOR 3 EB, KALAMBOLI, NAVI MUMBAI-410218",MUMBAI,GREATER MUMBAI,MAHARASHTRA,ABHYUDAYA COOPERATIVE BANK LIMITED
ABHY0065020,60,DHARAVI,"WESTERN INDIA TANNERIES, SION DHARAVI ROAD, MUMBAI-400017",MUMBAI,GREATER MUMBAI,MAHARASHTRA,ABHYUDAYA COOPERATIVE BANK LIMITED
ABHY0065021,60,MALAD EAST,"148 ELLORA SHOPPING CENTRE, DAFTARY ROAD, MALAD (EAST), MUMBAI-400097",MUMBAI,GREATER MUMBAI,MAHARASHTRA,ABHYUDAYA COOPERATIVE BANK LIMITED
ABHY0065022,60,CBD BELAPUR,"SECTOR-3, CHANAKYA SHOPPING CENTRE, BELAPUR (CBD), NAVI MUMBAI-400614",MUMBAI,GREATER MUMBAI,MAHARASHTRA,ABHYUDAYA COOPERATIVE BANK LIMITED
ABHY0065023,60,BHIWANDI,"BLDG F-1,GOPAL NAGAR,BHIWANDI-KALYAN ROAD, BHIWANDI, 421302",MUMBAI,GREATER MUMBAI,MAHARASHTRA,ABHYUDAYA COOPERATIVE BANK LIMITED
ABHY0065024,60,BORIVALI,"RATNADEEP APARTMENTS, CARTER ROAD NO.1, BORIVLI (EAST), MUMBAI-400066",MUMBAI,GREATER MUMBAI,MAHARASHTRA,ABHYUDAYA COOPERATIVE BANK LIMITED
ABHY0065025,60,HILL ROAD,"HILL-N-DALE, HILL ROAD, NR.BANDRA POLICE STATION, BANDRA (W), MUMBAI-400050",MUMBAI,GREATER MUMBAI,MAHARASHTRA,ABHYUDAYA COOPERATIVE BANK LIMITED
ABHY0065026,60,KHER NAGAR,"JANATA EDUCATION SOC. PREMISES, KHER NAGAR, BANDRA (E), MUMBAI-400051",MUMBAI,GREATER MUMBAI,MAHARASHTRA,ABHYUDAYA COOPERATIVE BANK LIMITED
ABHY0065027,60,KANDIVLI-EAST,"GUNDECHA INDL.COMPLEX, AKURLI RD, KANDIVLI (E), MUMBAI-400101",MUMBAI,GREATER MUMBAI,MAHARASHTRA,ABHYUDAYA COOPERATIVE BANK LIMITED
ABHY0065028,60,SHERLY RAJAN,"KHAIR HOUSE, SHERLY RAJAN RD, BANDRA (WEST), MUMBAI-400050",MUMBAI,GREATER MUMBAI,MAHARASHTRA,ABHYUDAYA COOPERATIVE BANK LIMITED
ABHY0065029,60,GANESH NAGAR,"NAVJIVAN VIDYA MANDIR, GANESH NAGAR, BHANDUP (W), MUMBAI-400078.",MUMBAI,GREATER MUMBAI,MAHARASHTRA,ABHYUDAYA COOPERATIVE BANK LIMITED
ABHY0065030,60,MALAD WEST,"ST.JUDE'S HIGH SCHOOL, KHARODI, MALAD(W), MUMBAI,400095",MUMBAI,GREATER MUMBAI,MAHARASHTRA,ABHYUDAYA COOPERATIVE BANK LIMITED
ABHY0065031,60,NERUL,"ABHYUDAYA BANK BLDG. PLOT NO.3A, SECTOR 15, NERUL, NAVI MUMBAI-400706",MUMBAI,GREATER MUMBAI,MAHARASHTRA,ABHYUDAYA COOPERATIVE BANK LIMITED
ABHY0065032,60,AIROLI,"ABHYUDAYA BANK BLDG., PLOT NO.26 SECTOR 17, AIROLI, NAVI MUMBAI-400701",MUMBAI,GREATER MUMBAI,MAHARASHTRA,ABHYUDAYA COOPERATIVE BANK LIMITED
ABHY0065034,60,ANDHERI,"SHRADHA SHOPPING CENTRE, OLD NAGARDAS ROAD, ANDHERI (E), MUMBAI-400069",MUMBAI,GREATER MUMBAI,MAHARASHTRA,ABHYUDAYA COOPERATIVE BANK LIMITED
ABHY0065035,60,NHAVA SHEVA,"J.N.P.T. SHOPPING COMPLEX, NHAVA SHEVA, NAVI MUMBAI-400707",MUMBAI,GREATER MUMBAI,MAHARASHTRA,ABHYUDAYA COOPERATIVE BANK LIMITED
ABHY0065036,60,BANKING COMPLEX,"UNIT NO.7 SECTOR 19, PHASE II, APMC, VASHI, NAVI MUMBAI-400705",MUMBAI,GREATER MUMBAI,MAHARASHTRA,ABHYUDAYA COOPERATIVE BANK LIMITED
ABHY0065037,60,KOPARKHAIRNE,"UNIT NO.1, PLOT 24-25 SECTOR 6, KOPARKHAIRANE, NAVI MUMBAI-400701",MUMBAI,GREATER MUMBAI,MAHARASHTRA,ABHYUDAYA COOPERATIVE BANK LIMITED
ABHY0065038,60,DADAR,"GURUKRIPA CHS LTD., OPP. PLAZA CINEMA, DADAR (W), MUMBAI-400028.",MUMBAI,GREATER MUMBAI,MAHARASHTRA,ABHYUDAYA COOPERATIVE BANK LIMITED
ABHY0065039,60,MULUND,"NEELKANTHDHARA, NETAJI SUBHASHCHANDRA ROAD, MULUND (W), MUMBAI-400080.",MUMBAI,GREATER MUMBAI,MAHARASHTRA,ABHYUDAYA COOPERATIVE BANK LIMITED
ABHY0065040,60,CHARAI,"MUMBA DEVI APT., JOSHIWADA, CHARAI, VEER SAVARKAR PATH, THANE WEST 400601",MUMBAI,GREATER MUMBAI,MAHARASHTRA,ABHYUDAYA COOPERATIVE BANK LIMITED
ABHY0065041,60,LOKMANYA NAGAR,"PANCHPAKHADI SAMARTHA CHS LTD., LOKMANYA NAGAR, THANE (W)-400608",MUMBAI,GREATER MUMBAI,MAHARASHTRA,ABHYUDAYA COOPERATIVE BANK LIMITED
ABHY0065042,60,KHARGHAR,"SHOP NO 66/67, PATEL HERITAGE, PLOT NO 15/17, SECTOR 7, KHARGHAR, NAVI MUMBAI 410210",MUMBAI,RAIGAD,MAHARASHTRA,ABHYUDAYA COOPERATIVE BANK LIMITED
ABHY0065043,60,VASAI,"OM SHIVSHAKTI COMPLEX, VAJRESHWARI ROAD, VALIV VILLAGE, VASAI ROAD (EAST), VASAI 401208",VASAI,THANE,MAHARASHTRA,ABHYUDAYA COOPERATIVE BANK LIMITED
ABHY0065044,60,GHANSOLI,"SHREE MANOSHI COMPLEX, PLOT NO.5& 6, SECTOR-3, GHANSOLI, NAVI MUMBAI GHANSOLI- 410 701.",NAVI MUMBAI,THANE,MAHARASHTRA,ABHYUDAYA COOPERATIVE BANK LIMITED
ABHY0065045,60,KAMOTHE,"DHARTI COMPLEX, SHOP NO.7,8,9310 & 11, PLOT NO. 60/61, SECTOR 18, KAMOTHE II, PANVEL-",NAVI MUMBAI,RAIGAD,MAHARASHTRA,ABHYUDAYA COOPERATIVE BANK LIMITED
ABHY0065046,60,BHAYANDAR,"SHOP NO. 7,8,9,&107 TO 111 ON GR. FLOOR & 1ST FLOOR. MALHAR ARCADE, CODDEV VILLAGE, NAVGHAR PHATAK ROAD, BHAYANDAR (E), DIST. THANE, 401101",THANE,THANE,MAHARASHTRA,ABHYUDAYA COOPERATIVE BANK LIMITED
ABHY0065047,60,DAHISAR EAST,"GR. FLOOR, MADHURAM HALL, HARISHANKAR JOSHI ROAD, DAHISAR (E), MUMBAI - 400 068",MUMBAI,GREATER MUMBAI,MAHARASHTRA,ABHYUDAYA COOPERATIVE BANK LIMITED
ABHY0065048,60,KALYAN-WEST,"FLOWER VALLEY, KHADAKPADA, KALYAN (W), DIST. THANE 421 301",THANE,THANE,MAHARASHTRA,ABHYUDAYA COOPERATIVE BANK LIMITED
ABHY0065049,60,DOMBIVLI-WEST,"FIRST FLOOR, JAIKUL ARCADE, MANPADA ROAD, DOMBIVLI (E) 421201",THANE,THANE,MAHARASHTRA,ABHYUDAYA COOPERATIVE BANK LIMITED
SBIN0004722,1,CHEGUNTA,CHEGUNTA,CHEGUNTA,MEDAK,ANDHRA PRADESH,STATE BANK OF INDIA
ABHY0065050,60,OLD PANVEL,"SHOP NO 1 & 2, KANAK VITHAL, PLOT NO.25, OLD PANVEL, DIST RAIGAD 410 206",RAIGAD,RAIGAD,MAHARASHTRA,ABHYUDAYA COOPERATIVE BANK LIMITED
ABHY0065051,60,KANDIVALI (WEST),"KANDIVLI (W) BRANCH, SHOP NO.7, VIJAYBHARTI CO-OP. HSG. SOCIETY, SECTOR - II CHARKOP, KANDIVALI (W), MUMBAI 400067",MUMBAI,MUMBAI,MAHARASHTRA,ABHYUDAYA COOPERATIVE BANK LIMITED
ABHY0065052,60,MIRA ROAD (EAST),"SHOP NO. 6,7 & 8, GROUND FLOOR, BUILDING NO. A-63, SECTOR - 1, SHANTI NAGAR, MIRA ROAD (E), DIST THANE 401107.",BHAYANDAR,THANE,MAHARASHTRA,ABHYUDAYA COOPERATIVE BANK LIMITED
ABHY0065053,60,BADLAPUR (EAST),"KULGAON GRIHNIRMAN SOCIETY, PLOT NO. 36, GANDHI CHOWK, NEAR KATDHARE HALL, KULGAON, BADLAPUR (E), DIST. THANE 421503",KALYAN,THANE,MAHARASHTRA,ABHYUDAYA COOPERATIVE BANK LIMITED
ABHY0065054,60,CHEMBUR,"SHOP NO.12 TO 19, BLDG. NO. 2, TILAKNAGAR SHRAMIK CO-OP HSG SOCIETY LTD., TILAKNAGAR, CHEMBUR, MUMBAI 400089.",MUMBAI,GREATER MUMBAI,MAHARASHTRA,ABHYUDAYA COOPERATIVE BANK LIMITED
ABHY0065055,60,VIRAR,"GRND & 1ST FLOOR, MATAJI KRUPA, OPP. MAHANAGARPALIKA LIBRARY, PHOOL PADA ROAD,VIRAR (E), DIST THANE 401303",THANE,THANE,MAHARASHTRA,ABHYUDAYA COOPERATIVE BANK LIMITED
ABHY0065056,60,SEAWOOD,"SHOP NO. 13 TO 15, GIRIRAJ CO-OP HSG SOCIETY LTD., PLOT NO.7&8, SECTOR NO.44, NRI SEAWOOD ROAD, SEAWOOD, NERUL 400706",MUMBAI,GREATER MUMBAI,MAHARASHTRA,ABHYUDAYA COOPERATIVE BANK LIMITED
ABHY0065057,60,OWALE,"SIDDHIVINAYAK ARCADE, KAILASH TOWER, OWALE VILLAGE, OWALA NAKA, GHODBUNDER ROAD, THANE 400605.",THANE,THANE,MAHARASHTRA,ABHYUDAYA COOPERATIVE BANK LIMITED
ABHY0065058,60,ANTOP HILL,"SHOP NO..34 & 35, GROUND FLOOR, BLDG NO. B-2, KALPAK ESTATE, SHAIKH MISTRY ROAD, ANTOP HILL, MUMBAI 400037",MUMBAI,GREATER MUMBAI,MAHARASHTRA,ABHYUDAYA COOPERATIVE BANK LIMITED
ABHY0065059,60,NALLASOPARA,"SHOP NO. 1 & 2, GROUND FLOOR, OLIVE APARTMENT, BLDG.NO.06, SECTOR VII, NALLASOPARA, TAL VASAI, DIST THANE.",THANE,THANE,MAHARASHTRA,ABHYUDAYA COOPERATIVE BANK LIMITED
ABHY0065060,60,DIVALE CBD,"SHOP NO 8A & 9, GROUND FLOOR, SAI SANGAM, SECTOR-15, SAKAL BHAVAN MARG, CBD BELAPUR, NAVI MUMBAI 400 614",MUMBAI,GREATER MUMBAI,MAHARASHTRA,ABHYUDAYA COOPERATIVE BANK LIMITED
ABHY0065061,60,KHANDA COLONY,"SHOP NO.30 TO 33, GROUND FLOOR, SHREEJI SANGH, SECTOR - 7, PLOT NO. 15/16 KHANDA COLONY, PANVEL 410206",PANVEL,RAIGAD,MAHARASHTRA,ABHYUDAYA COOPERATIVE BANK LIMITED
ABHY0065062,60,KALWA,"MILESTONE CORPORATE PARK, DATTAWADI, OLD MUMBAI ROAD, KALWA (W) DIST. THANE 400 605",THANE,THANE,MAHARASHTRA,ABHYUDAYA COOPERATIVE BANK LIMITED
ABHY0065063,60,DOMBIVLI (WEST),"JANKI HEIGHTS OPP. SHIV SENA SHAKA, DEENDAYAL ROAD, DOMBIVALI (WEST), DIS THANE 421202",DOMBIVLI,THANE,MAHARASHTRA,ABHYUDAYA COOPERATIVE BANK LIMITED
ABHY0065064,60,GOREGAON WEST,"SHOP NO.2,3,5 & 6A, VRINDAVAN CHS LTD., BUILDING NO.9, SHASTRI NAGAR ROAD NO.1, GOREGAON (W), MUMBAI 400 104.",MUMBAI,GREATER BOMBAY,MAHARASHTRA,ABHYUDAYA COOPERATIVE BANK LIMITED
ABHY0065065,60,JOGESHWARI (E),"BAL VIKAS SCHOOL BUILDING, GROUND FLOOR, MHADA COLONY, SARVODAYA NAGAR, JOGESHWARI (E), MUMBAI 400 060",MUMBAI,GREATER BOMBAY,MAHARASHTRA,ABHYUDAYA COOPERATIVE BANK LIMITED
ABHY0065066,60,KALYAN (E),"KHUSHI HEIGHTS, POONA LINK ROAD, OPP. NITIN RAJ HOTEL, KATEMANIVALI, KALYAN (E), DIST. THANE - 421 306.",KALYAN,THANE,MAHARASHTRA,ABHYUDAYA COOPERATIVE BANK LIMITED
ABHY0065067,60,DIVA (E),"SHREE KRISHNA PARK, NEAR SHIV SENA SHAKA, DIVA (E), DIST. THANE - 400 612.",THANE,THANE,MAHARASHTRA,ABHYUDAYA COOPERATIVE BANK LIMITED
ABHY0065068,60,ANJUR PHATA,"SOM SHIV PLAZA, ANJUR PHATA, KAMATGHAR, AGRA ROAD, BHIWANDI - 421 302.",BHIWANDI,THANE,MAHARASHTRA,ABHYUDAYA COOPERATIVE BANK LIMITED
ABHY0065069,60,MARVE LINK ROAD,"SHOP NO. S-109, RAJIV GANDHI COMMERCIAL COMPLEX, EKTA NAGAR, CHARKOP MARVE LINK ROAD, KANDIVLI (W), MUMBAI - 400 067",MUMBAI,GREATER BOMBAY,MAHARASHTRA,ABHYUDAYA COOPERATIVE BANK LIMITED
ABHY0065070,60,LOWER PAREL,"BLOCK NO.12, GROUND FLOOR, DHANRAJ MILL COMPOUND, SITARAM JADHAV MARG, LOWER PAREL, MUMBAI - 400 013.",MUMBAI,GREATER BOMBAY,MAHARASHTRA,ABHYUDAYA COOPERATIVE BANK LIMITED
ABHY0065071,60,LALBAUG,"SHOP NO. 6, 7, 8 & 9, GROUND FLOOR, ""TAMBAWALA BUILDING NO.1"", 205, KALACHOWKY ROAD, D. L. MARG, LALBAUG, MUMBAI - 400 012",MUMBAI,GREATER BOMBAY,MAHARASHTRA,ABHYUDAYA COOPERATIVE BANK LIMITED
ABHY0065072,60,VIKHROLI (EAST),"SHOP NO. 3, B WING, BUILDING NO. 87, ""KANNAMWAR NAGAR RAIGAD CO-OP. HSG. SOC. LTD., KANNAMWAR NAGAR, VIKHROLI (E), MUMBAI - 400 083",MUMBAI,GREATER BOMBAY,MAHARASHTRA,ABHYUDAYA COOPERATIVE BANK LIMITED
ABHY0065073,60,VIKHROLI W,"SHOP NO.1, MAYFIAR SYMPHONY SPRING, PARKSITE, GODREJ, HIRANANDANI LINK RD., VIKHROLI WEST, MUMBAI 400079",MUMBAI,GREATER BOMBAY,MAHARASHTRA,ABHYUDAYA COOPERATIVE BANK LIMITED
ABHY0065074,60,KAUSA MUMBRA,"VIRANI BUSINESS CENTRE, SHOP NO. 1,2,3,4, PLOT NO. 96 BY 2, OPP BHARAT GEARS CO., KAUSA, DIST-THANE- 400612",THANE,THANE,MAHARASHTRA,ABHYUDAYA COOPERATIVE BANK LIMITED
ABHY0065075,60,ULWE,"SHOP NO. 1,2,3 PRATHMESH PRIDE, PLOT NO. 06, SECTOR 19, ULWE, TAL  PANVEL, DIST RAIGAD  410206",PANVEL,RAIGAD,MAHARASHTRA,ABHYUDAYA COOPERATIVE BANK LIMITED
ABHY0065076,60,KURLA (W),"SHOP NO. 1 AND 2, SANGHAVI PALACE, BELGRAMI ROAD, KURLA W, MUMBAI - 400070",MUMBAI,GREATER BOMBAY,MAHARASHTRA,ABHYUDAYA COOPERATIVE BANK LIMITED
ABHY0065077,60,PEN,"SHOP NO.4 AND 6, REDWOOD CITY PLAZA, PLOT NO. C 13, SURVEY NO 242B, ICE FACTORY, PEN 402107.",PEN,RAIGAD,MAHARASHTRA,ABHYUDAYA COOPERATIVE BANK LIMITED
ABHY0065101,60,PUNE SERVICE BRANCH,598  DHANVANT PLAZA BHUDWAR PETH PUNE- 411002,PUNE,PUNE,MAHARASHTRA,ABHYUDAYA COOPERATIVE BANK LIMITED
ABHY0065102,60,NANA PETH,"355, NANA PETH, PUNE-411002",PUNE,PUNE,MAHARASHTRA,ABHYUDAYA COOPERATIVE BANK LIMITED
ABHY0065103,60,LAXMI ROAD,"867, BUDHWAR PETH, LAXMI ROAD, PUNE-411002",PUNE,PUNE,MAHARASHTRA,ABHYUDAYA COOPERATIVE BANK LIMITED
ABHY0065104,60,YERWADA,"OM MAHAVIR CHS, SHOP NO. D1-2-3, SURVEY NO. 1-A, PUNE NAGAR RD., YERWADA, PUNE-411006",PUNE,PUNE,MAHARASHTRA,ABHYUDAYA COOPERATIVE BANK LIMITED
ABHY0065105,60,PIMPRI,"SUNSHINE MARKS, CTS NO.4840, MUMBAI-PUNE RD, OPP B AMBEDKAR STATUE, PIMPRI, PUNE-411018",PUNE,PUNE,MAHARASHTRA,ABHYUDAYA COOPERATIVE BANK LIMITED
ABHY0065106,60,PAUD PHATA,"MANGALAM CHAMBERS, ERANDWANA, PAUD ROAD, PUNE-411038",PUNE,PUNE,MAHARASHTRA,ABHYUDAYA COOPERATIVE BANK LIMITED
ABHY0065107,60,BANER ROAD,"TEJAS ETERNITY, S. NO. 134, H. NO.5,6/1, BANER BALEWADI RD, BANER, PUNE 411045",PUNE,PUNE,MAHARASHTRA,ABHYUDAYA COOPERATIVE BANK LIMITED
ABHY0065108,60,DHANKAWADI,"SHIVSMARAK SAMITI, PUNE-SATARA ROAD,DHANKWADI, PUNE-411037",PUNE,PUNE,MAHARASHTRA,ABHYUDAYA COOPERATIVE BANK LIMITED
ABHY0065109,60,WAGHOLI,"620, PUNE NAGAR ROAD, WAGHOLI, TAL.HAVELI, PUNE-412207",PUNE,PUNE,MAHARASHTRA,ABHYUDAYA COOPERATIVE BANK LIMITED
ABHY0065110,60,SINHAGAD ROAD,"SHOWROOM NO. 1 AND 3, SUNIT RIDDHI BLDG, PLOT NO. 2B, FINAL PLOT NO. 545, S. NO. 120A, 120B, PARVATI, SINHAGAD RD, PUNE 411030",PUNE,PUNE,MAHARASHTRA,ABHYUDAYA COOPERATIVE BANK LIMITED
ABHY0065111,60,DECCAN GYMKHANA,"AMIT SAMRUDDHI, OFF. J.M.ROAD, SHIVAJI NAGAR, PUNE-411004",PUNE,PUNE,MAHARASHTRA,ABHYUDAYA COOPERATIVE BANK LIMITED
ABHY0065112,60,NAGPUR,"BHAGVAN HOUSE, GROUND FLOOR, WARDHA ROAD, WARDHA ROAD, NAGPUR WARDHA ROAD, NAGPUR",NAGPUR,NAGPUR,MAHARASHTRA,ABHYUDAYA COOPERATIVE BANK LIMITED
ABHY0065113,60,AURANGABAD,"AMDANI CHAMBERS, GROUND FLOOR, NEW GULMANDI ROAD, DALAL WADI, AURANGABAD- 431 001.",AURANGABAD,AURANGABAD,MAHARASHTRA,ABHYUDAYA COOPERATIVE BANK LIMITED
ABHY0065114,60,KANKAVLI,"3/16, A-1-B, GROUND FLOOR, HISSA NO.29, SURVEY NO.204, MUMABAI GOA HIGHWAY, AT AND POST - KANKAVLI, DIST - SINDHUDURG 416602",KANKAVLI,SINDHUDURG,MAHARASHTRA,ABHYUDAYA COOPERATIVE BANK LIMITED
ABHY0065115,60,NASHIK,"SHOP NO. 3 & 4 & OFFICE NO.4,5 & 6 LUCKY PALACE APARTMENTS, CANARA CORNER, SHARANPUR TRIMBAK ROAD, NASHIK 422 005",NASHIK,NASIK,MAHARASHTRA,ABHYUDAYA COOPERATIVE BANK LIMITED
ADCB0000002,143,BANGALORE,"CITI CENTRE, 28, CHURCH STREET, OFF M. G. ROAD BANGALORE 560001",BANGALORE,BANGALORE URBAN,KARNATAKA,ABU DHABI COMMERCIAL BANK
ABHY0065116,60,CHAKAN BRANCH,"ANAND BUILDING, MAIN BAZAR PETH, NEAR CHAKAN S.T. STAND, OLD PUNE NASHIK ROAD, CHAKAN, DIST PUNE 410 501",CHAKAN,PUNE,MAHARASHTRA,ABHYUDAYA COOPERATIVE BANK LIMITED
ABHY0065117,60,AMBAD,"SHO NO.1-5, LOTUS PLAZA, TRIMURTI CHOWK, AMBAD-LINK ROAD, CIDCO, NEW NASHIK NASHIK-422008",NASHIK,NASIK,MAHARASHTRA,ABHYUDAYA COOPERATIVE BANK LIMITED
ABHY0065118,60,NASHIK ROAD,"RAJAN COMPLEX, DATTA MANDIR STOP, NASHIK-PUNE HIGHWAY, NASHIK 422 101",NASHIK,NASIK,MAHARASHTRA,ABHYUDAYA COOPERATIVE BANK LIMITED
ABHY0065119,60,GARKHEDA,"SHOP NO.1 & 2, MALANI CHAMBERS, PLOT NO.5, SHIVAJI NAGAR ROAD, GARKHEDA, AURANGABAD 431005",AURANGABAD,AURANGABAD,MAHARASHTRA,ABHYUDAYA COOPERATIVE BANK LIMITED
ABHY0065120,60,ASHOK NAGAR,"GROUND FLOOR, 69, ASHOKNAGAR, WORKSHOP-BHAGYANAGAR ROAD, NANDED, DIST NANDED - 431605",NANDED,NANDED,MAHARASHTRA,ABHYUDAYA COOPERATIVE BANK LIMITED
ABHY0065121,60,C.A. ROAD,"GANDHI GRAIN MARKET, OLD BAGADGANJ LAYOUT, CHAPRU CHOWK, CENTRAL AVENUE ROAD, NAGPUR - 440 008.",NAGPUR,NAGPUR,MAHARASHTRA,ABHYUDAYA COOPERATIVE BANK LIMITED
ABHY0065122,60,DABHADE TALEGAON,"AMBIKA CORNER APARTMENT, PLOT NO. 6 & 7, LAXMIBAUG COLONY, TALEGAON DABHADE TAL. MAWAL, DIST. PUNE - 410506",TALEGAONDABHADE,PUNE,MAHARASHTRA,ABHYUDAYA COOPERATIVE BANK LIMITED
ABHY0065123,60,SAMRAT NAGAR,"PLOT NO. 10, 11, 12(D), THE NANDED TOWN MARKET AREA, SAMRAT NAGAR, NEAR ANNABHAU SATHE CHOWK, NANDED - 431 602.",NANDED,NANDED,MAHARASHTRA,ABHYUDAYA COOPERATIVE BANK LIMITED
ABHY0065124,60,INDIRA NAGAR,"GROUND FLOOR, MADHUSUDAN PARK, C BUILDING, WADALA PATHARDI ROAD, INDIRA NAGAR, NASHIK - 422 009",NASHIK,NASIK,MAHARASHTRA,ABHYUDAYA COOPERATIVE BANK LIMITED
ABHY0065125,60,PANCHAVATI,"4614, LAXMI RESIDENCY, PETH ROAD, PANCHAVATI, NASHIK - 422 003.",NASHIK,NASIK,MAHARASHTRA,ABHYUDAYA COOPERATIVE BANK LIMITED
ABHY0065126,60,AHMEDNAGAR,"SAI MIDAS TOUCH, SHOP NO. 7 AND 8, PLOT NO. 101 SLASH 86, NAGAR MANMAD ROAD, SAVEDI ROAD, AHMEDNAGAR 414003",AHMEDNAGAR,AHMEDNAGAR,MAHARASHTRA,ABHYUDAYA COOPERATIVE BANK LIMITED
ABHY0065201,60,MANDVI,"SHREE KRISHNA BHAVAN, NEAR CHAMPANER GATE,  3259 BANK ROAD, VADODARA 390006,",VADODARA,VADODARA,GUJARAT,ABHYUDAYA COOPERATIVE BANK LIMITED
ABHY0065202,60,MITHAKHALI,"JAYMANGAL HOUSE, BLOCK B, NEAR GANDHIGRAM RLY, STATION, ELLISBRIDGE, AHMEDABAD- 380 009.",AHMEDABAD,AHMEDABAD,GUJARAT,ABHYUDAYA COOPERATIVE BANK LIMITED
ABHY0065203,60,MANEKCHOWK,"DAHINI KHADKI, MANEKCHOWK, AHMEDABAD- 380 221.",AHMEDABAD,AHMEDABAD,GUJARAT,ABHYUDAYA COOPERATIVE BANK LIMITED
ABHY0065204,60,RAIPUR,"BLOCK NO.E/1, GHANTAKARNA MAHAVIR CLOTH MARKET, RAIPUR, AHMEDABAD- 380 002.",AHMEDABAD,AHMEDABAD,GUJARAT,ABHYUDAYA COOPERATIVE BANK LIMITED
ABHY0065205,60,ODHAV,"HARSHAD CHAMBERS, OPP. VALLABHNAGAR, ODHAV, AHMEDABAD - 380 021",AHMEDABAD,AHMEDABAD,GUJARAT,ABHYUDAYA COOPERATIVE BANK LIMITED
ABHY0065208,60,GHATLODIYA,"1, SATYAM, MANJUSHRI SOCIETY, GHATLODIA, AHMEDABAD- 380 061.",AHMEDABAD,AHMEDABAD,GUJARAT,ABHYUDAYA COOPERATIVE BANK LIMITED
ABHY0065301,60,MAIN BR UDUPI,"SRI KANIYOOR BLDG, CAR STREET, UDUPI,  TEH. UDUPI, 576 101",UDUPI,UDUPI,KARNATAKA,ABHYUDAYA COOPERATIVE BANK LIMITED
ABHY0065302,60,CITY,"SHAMBHAVI FORTUNE, BEHIND K S R T C BUS STAND, UDUPI -576101",UDUPI,UDUPI,KARNATAKA,ABHYUDAYA COOPERATIVE BANK LIMITED
ABHY0065304,60,SHIRVA,"SHIRVA, TEH. UDUPI, 574 116",UDUPI,UDUPI,KARNATAKA,ABHYUDAYA COOPERATIVE BANK LIMITED
ABHY0065305,60,PADUBIDRI,"SHRI SHAKTHI COMPLEX, NH-66, NADSAL VILLAGE, PADUBIDRI, UDUPI-DIST, 574111",UDUPI,DAKSHINA KANNADA,KARNATAKA,ABHYUDAYA COOPERATIVE BANK LIMITED
ABHY0065306,60,MANGALORE,"SHOP NO. 4, JANVI PLAZA, NEAR BUNTS HOSTEL, KARANGLAPADY, MANGALORE-575003",MANGALORE,DAKSHINA KANNADA,KARNATAKA,ABHYUDAYA COOPERATIVE BANK LIMITED
ABNA0000001,110,RTGS-HO,"414 EMPIRE COMPLEX, SENAPATI BAPAT MARG LOWER PAREL WEST MUMBAI 400013",MUMBAI,GREATER BOMBAY,MAHARASHTRA,THE ROYAL BANK OF SCOTLAND N V
ABNA0100310,110,BRADY HOUSE  MUMBAI,"BRADY HOUSE,14 VEER NARIMAN ROAD,FORT, MUMBAI - 400023",MUMBAI,GREATER BOMBAY,MAHARASHTRA,THE ROYAL BANK OF SCOTLAND N V
ABNA0100311,110,CAMAC STREET  KOLKATA,"AZIMGANJ HOUSE, 7 CAMAC STREET, KOLKATA - 700017",KOLKATA,KOLKATA,WEST BENGAL,THE ROYAL BANK OF SCOTLAND N V
ABNA0100312,110,HANSALAYA  NEW DELHI,"HANSALAYA BUILDING, 15, BARAKHAMBA ROAD, NEW DELHI - 110001",DELHI,NEW DELHI,DELHI,THE ROYAL BANK OF SCOTLAND N V
ABNA0100313,110,CHENNAI,"KRM TOWERS,NO 1 HARRINGTON ROAD,CHETPET, CHENNAI 600031",CHENNAI,CHENNAI,TAMIL NADU,THE ROYAL BANK OF SCOTLAND N V
ABNA0100314,110,PUNE,"327, MAHATMA GANDHI ROAD, PUNE CAMP, PUNE - 411001",PUNE,PUNE,MAHARASHTRA,THE ROYAL BANK OF SCOTLAND N V
ABNA0100316,110,BARODA,"7, ALKAPURI, R.C. DUTT ROAD, BARODA - 390 007",VADODARA,VADODARA,GUJARAT,THE ROYAL BANK OF SCOTLAND N V
ABNA0100317,110,HYDERABAD,"6-3-248/1/1/A, ROAD NO. 1, BANJARA HILLS, HYDERABAD - 500034",HYDERABAD,HYDERABAD URBAN,ANDHRA PRADESH,THE ROYAL BANK OF SCOTLAND N V
ABNA0100318,110,BANGALORE,"PRESTIGE TOWERS', GROUND FLOOR, 99 & 100, RESIDENCY ROAD, BANGALORE 560 025.",BANGALORE,BANGALORE URBAN,KARNATAKA,THE ROYAL BANK OF SCOTLAND N V
ABNA0100326,110,MANGALORE,"MAXIMUS COMMERCIAL COMPLEX, LIGHT HOUSE HILL ROAD, MANGALORE - 575001",MANGALORE,DAKSHINA KANNADA,KARNATAKA,THE ROYAL BANK OF SCOTLAND N V
ABNA0100327,110,HAUZ KHAS  NEW DELHI,"M-6 HAUZ KHAS, NEW DELHI 110016",DELHI,NEW DELHI,DELHI,THE ROYAL BANK OF SCOTLAND N V
ABNA0100328,110,GK 1  NEW DELHI,"R-67, GREATER KAILASH-I, NEW DELHI - 110048",DELHI,NEW DELHI,DELHI,THE ROYAL BANK OF SCOTLAND N V
ABNA0100329,110,RAJOURI GARDEN  NEW DELHI,"J-12/11 RAJOURI GARDEN,NEW DELHI-110027",DELHI,NEW DELHI,DELHI,THE ROYAL BANK OF SCOTLAND N V
ABNA0100330,110,GURGAON,"VATIKA FIRST INDIA PLACE, TOWER B GROUND FLOOR, BLOCK A SUSHANT LOK PHASE I, MEHRAULI GURGAON ROAD, GURGAON - 122 002",GURGAON,GURGAON,HARYANA,THE ROYAL BANK OF SCOTLAND N V
ABNA0100331,110,KOLHAPUR,"GROUND FLOOR, ANANT TOWERS , 1115 K-1 SHAHUPURI, KOLHAPUR - 416001",KOLHAPUR,KOLHAPUR,MAHARASHTRA,THE ROYAL BANK OF SCOTLAND N V
ABNA0100332,110,BRABOURNE ROAD  KOLKATA,"18 A, BRABOURNE ROAD, KOLKATA - 700001",KOLKATA,KOLKATA,WEST BENGAL,THE ROYAL BANK OF SCOTLAND N V
ABNA0100333,110,SALT LAKE CITY  KOLKATA,"CD-16 , SECTOR - 1, SALT LAKE CITY, KOLKATA - 700064",KOLKATA,KOLKATA,WEST BENGAL,THE ROYAL BANK OF SCOTLAND N V
ABNA0100335,110,JUHU  MUMBAI,"GROUND & FIRST FLOOR, DURU HOUSE, JUHU TARA ROAD, JUHU, MUMBAI - 400049",MUMBAI,GREATER BOMBAY,MAHARASHTRA,THE ROYAL BANK OF SCOTLAND N V
ABNA0100336,110,NOIDA,"OCEAN HEIGHTS, K - 4 SECTOR 18, NOIDA - 201301",NOIDA,GAUTAM BODDA NAGAR,UTTAR PRADESH,THE ROYAL BANK OF SCOTLAND N V
ABNA0100337,110,UDAIPUR,"SHUBH APPT, GROUND FLOOR , PLOT NO. 99, L ROAD, BHUPALPURA, VERMA CIRCLE, OPP. COLLECTOR BUNGALOW, UDAIPUR - 313001",UDAIPUR,UDAIPUR,RAJASTHAN,THE ROYAL BANK OF SCOTLAND N V
ABNA0100338,110,AGRA,"KHASRA NO.71&72 VILLAGE MAUZA DEHTURA, TEHSIL AND DISTRICT AGRA - 282 007",AGRA,AGRA,UTTAR PRADESH,THE ROYAL BANK OF SCOTLAND N V
ABNA0100339,110,JODHPUR,"KHASRA NO.9/4,OPP.IOCL PUNP,MAIN SALAWAS ROAD, BASNI PHASE - II, VILLAGE SANGARIYA, TEHSIL JODHPUR- 324005",JODHPUR,JODHPUR,RAJASTHAN,THE ROYAL BANK OF SCOTLAND N V
ABNA0100340,110,JALANDHAR,"MIDLAND FINANCIAL CENTRE,GROUND FLOOR, 21-22, G.T. ROAD,JALANDHAR, PUNJAB- 144001",JALANDHAR,JALANDHAR,PUNJAB,THE ROYAL BANK OF SCOTLAND N V
ABNA0101310,110,TREASURY,"SAKHAR BHAVAN, 8TH FLOOR, NARIMAN ROAD,MUMBAI 400 021",MUMBAI,MUMBAI,MAHARASHTRA,THE ROYAL BANK OF SCOTLAND N V
ABNA0200001,110,SAKHAR BHAVAN  MUMBAI,"SAKHAR BHAVAN, NARIMAN POINT,MUMBAI - 400021.",MUMBAI,GREATER BOMBAY,MAHARASHTRA,THE ROYAL BANK OF SCOTLAND N V
ABNA0NEFT02,110,LOWER PAREL WEST MUMBAI,"ABN AMRO BANK,414 EMPIRE COMPLEX,SENAPATI BAPAT MARG LOWER PAREL WEST MUMBAI 400013",MUMBAI,MUMBAI,MAHARASHTRA,THE ROYAL BANK OF SCOTLAND N V
ADCB0000001,143,RTGS-HO,"75, REHMAT MANZIL, V. N. ROAD, CURCHGATE, MUMBAI - 400020",MUMBAI,MUMBAI CITY,MAHARASHTRA,ABU DHABI COMMERCIAL BANK
ADCC0000001,61,RTGS-HO,"THE AKOLA DISTRICT CENTRAL COOP. BANK LTD., P.B.NO. 8, CIVIL LINES, S.A. COLLEGE ROAD, AKOLA. 444001",AKOLA,AKOLA,MAHARASHTRA,THE AKOLA DISTRICT CENTRAL COOPERATIVE BANK
ADCC0000002,61,MARKET YARD BRANCH - AKOLA,"THE AKOLA DISTRICT CENTRAL COOP. BANK LTD.,BRANCH MARKET YARD, APMC, NEAR SHIVAJI COLLEGE, AKOLA. 444001",AKOLA,AKOLA,MAHARASHTRA,THE AKOLA DISTRICT CENTRAL COOPERATIVE BANK
ADCC0000003,61,KAPAD BAZAR BRANCH - AKOLA,"THE AKOLA DISTRICT CENTRAL COOP. BANK LTD., BRANCH KAPAD BAZAR,TILAK ROAD, RAYAT HAWELI, AKOLA. 444001",AKOLA,AKOLA,MAHARASHTRA,THE AKOLA DISTRICT CENTRAL COOPERATIVE BANK
ADCC0000004,61,SHRI RAJESHWAR BRANCH - AKOLA,"THE AKOLA DISTRICT CENTRAL COOP. BANK LTD., JAI HIND CHOWK, OLD CITY, AKOLA. 444002",AKOLA,AKOLA,MAHARASHTRA,THE AKOLA DISTRICT CENTRAL COOPERATIVE BANK
ADCC0000005,61,ZP BRANCH - AKOLA,"THE AKOLA DISTRICT CENTRAL COOP. BANK LTD., BRANCH Z.P., NEAR COLLECTOR OFFICE, AKOLA. 444001",AKOLA,AKOLA,MAHARASHTRA,THE AKOLA DISTRICT CENTRAL COOPERATIVE BANK
ADCC0000006,61,CIVIL LINES BRANCH - AKOLA,"THE AKOLA DISTRICT CENTRAL COOP. BANK LTD., CIVIL LINES BRANCH, S.A. COLLEGE ROAD, AKOLA. 444001",AKOLA,AKOLA,MAHARASHTRA,THE AKOLA DISTRICT CENTRAL COOPERATIVE BANK
ADCC0000007,61,MAHILA BRANCH - AKOLA,"THE AKOLA DISTRICT CENTRAL COOP. BANK LTD., RAMDAS PETH, NEAR BIRLA GATE, AKOLA. 444005",AKOLA,AKOLA,MAHARASHTRA,THE AKOLA DISTRICT CENTRAL COOPERATIVE BANK
ADCC0000008,61,SAH.MAH.DR.ANNASAHEB KORPE NGR BR-AKOLA,"THE AKOLA DISTRICT CENTRAL COOP. BANK LTD., ADARSH COLONY, NEAR ADARSH VIDYALAYA, AKOLA. 444005",AKOLA,AKOLA,MAHARASHTRA,THE AKOLA DISTRICT CENTRAL COOPERATIVE BANK
ADCC0000009,61,DR.PDKV BRANCH - AKOLA,"THE AKOLA DISTRICT CENTRAL COOP. BANK LTD., IN P.D.K.V. PREMICES, AKOLA. 444004",AKOLA,AKOLA,MAHARASHTRA,THE AKOLA DISTRICT CENTRAL COOPERATIVE BANK
ADCC0000010,61,DABKI ROAD BRANCH - AKOLA,"THE AKOLA DISTRICT CENTRAL COOP. BANK LTD.,BRANCH DABKI ROAD, NEAR KHANDELWAL HIGH SCHOOL, GODBOLE PLOT, DABKI ROAD, OLD CITY, AKOLA. 444002",AKOLA,AKOLA,MAHARASHTRA,THE AKOLA DISTRICT CENTRAL COOPERATIVE BANK
ADCC0000011,61,TUKARAM SQUARE BRANCH - AKOLA,"THE AKOLA DISTRICT CENTRAL COOP. BANK LTD., BRANCH TUKARAM CHOWK, SANT TUKARAM HOSPITAL CHOWK, GORAKSHAN ROAD, AKOLA. 444002",AKOLA,AKOLA,MAHARASHTRA,THE AKOLA DISTRICT CENTRAL COOPERATIVE BANK
ADCC0000012,61,BORGAON MANJU BRANCH,"THE AKOLA DISTRICT CENTRAL COOP. BANK LTD., BRANCH BORGAON MANJU AT. PO. BORGAON MANJU, TQ. DIST. AKOLA. 444102",BORGAON-MANJU,AKOLA,MAHARASHTRA,THE AKOLA DISTRICT CENTRAL COOPERATIVE BANK
ADCC0000013,61,PALSO BADHE BRANCH,"THE AKOLA DISTRICT CENTRAL COOP. BANK LTD., BRANCH PALSO, AT. PO. PALSO, TQ. DIST. AKOLA. 444102",PALSO,AKOLA,MAHARASHTRA,THE AKOLA DISTRICT CENTRAL COOPERATIVE BANK
ADCC0000014,61,MHAISANG BRANCH,"THE AKOLA DISTRICT CENTRAL COOP. BANK LTD., BRANCH MHAISANG, AT. PO. MHAISANG, TQ. DIST. AKOLA. 444003",MHYSANG,AKOLA,MAHARASHTRA,THE AKOLA DISTRICT CENTRAL COOPERATIVE BANK
ADCC0000015,61,KANSHIVANI BRANCH,"THE AKOLA DISTRICT CENTRAL COOP. BANK LTD., BRANCH KANSHIVANI, AT. PO. KANSHIVANI, TQ. DIST. AKOLA 444102",AKOLA,AKOLA,MAHARASHTRA,THE AKOLA DISTRICT CENTRAL COOPERATIVE BANK
ADCC0000016,61,GANDHIGRAM BRANCH,"THE AKOLA DISTRICT CENTRAL COOP. BANK LTD.,BRANCH GANDHIGRAM, AT. PO. GANDHIGRAM, TQ. DIST.AKOLA. 444006",GANDHIGRAM,AKOLA,MAHARASHTRA,THE AKOLA DISTRICT CENTRAL COOPERATIVE BANK
ADCC0000017,61,CHIKHALGAON BRANCH,"THE AKOLA DISTRICT CENTRAL COOP. BANK LTD.,BR. CHIKHALGAON, AT.PO. CHIKHALGAON, TQ. DIST. AKOLA. 444006",AKOLA,AKOLA,MAHARASHTRA,THE AKOLA DISTRICT CENTRAL COOPERATIVE BANK
ADCC0000018,61,DAHIHANDA ┬áBRANCH,"THE AKOLA DISTRICT CENTRAL COOP. BANK LTD.,BRANCH DAHIHANDA, AT. PO. DAHIHANDA, TQ. DIST. AKOLA. 444111",GANDHIGRAM,AKOLA,MAHARASHTRA,THE AKOLA DISTRICT CENTRAL COOPERATIVE BANK
ADCC0000019,61,PATUR NANDAPUR BRANCH,"THE AKOLA DISTRICT CENTRAL COOP. BANK LTD.,BRANCH PATUR NANDAPUR, AT. PO. PATUR NANDAPUR, TQ.DIST. AKOLA. 444407",PATUR NANDAPUR,AKOLA,MAHARASHTRA,THE AKOLA DISTRICT CENTRAL COOPERATIVE BANK
ADCC0000020,61,KURANKHED BRANCH,"THE AKOLA DISTRICT CENTRAL COOP. BANK LTD.,BRANCH KURANKHED, AT. PO. KURANKHED, TQ.DIST.AKOLA. 444102",KURANKHED,AKOLA,MAHARASHTRA,THE AKOLA DISTRICT CENTRAL COOPERATIVE BANK
ADCC0000021,61,GOREGAON KHURD BRANCH,"THE AKOLA DISTRICT CENTRAL COOP. BANK LTD., BRANCH GOREGAON KD., AT. PO. GOREGAON KD., TQ. DIST. AKOLA. 444102",GOREGAON(KHURD),AKOLA,MAHARASHTRA,THE AKOLA DISTRICT CENTRAL COOPERATIVE BANK
ADCC0000022,61,UMRI BRANCH,"THE AKOLA DISTRICT CENTRAL COOP. BANK LTD., JATHARPETH, UMARI ROAD, NEAR PATIL MARKET, AKOLA.  444005",UMRI,AKOLA,MAHARASHTRA,THE AKOLA DISTRICT CENTRAL COOPERATIVE BANK
ADCC0000023,61,KHADAKI-CHANDUR BRANCH,"THE AKOLA DISTRICT CENTRAL COOP. BANK LTD., BRANCH KHADKI BK., AT. KHADKI BK., PO. CHANDUR, TQ. DIST. AKOLA. 444004",AKOLA,AKOLA,MAHARASHTRA,THE AKOLA DISTRICT CENTRAL COOPERATIVE BANK
ADCC0000024,61,RANPISE NAGAR BRANCH - AKOLA,"THE AKOLA DISTRICT CENTRAL COOP. BANK LTD., BRANCH RANPISE NAGAR, RANPISE NAGAR, AKOLA. 444001",AKOLA,AKOLA,MAHARASHTRA,THE AKOLA DISTRICT CENTRAL COOPERATIVE BANK
ADCC0000025,61,AAGAR BRANCH,"THE AKOLA DISTRICT CENTRAL COOP. BANK LTD., BRANCH AGAR, AT. PO. AGAR, TQ. DIST. AKOLA.  444006",AKOLA,AKOLA,MAHARASHTRA,THE AKOLA DISTRICT CENTRAL COOPERATIVE BANK
ADCC0000026,61,RATANLAL PLOTS BRANCH - AKOLA,"THE AKOLA DISTRICT CENTRAL COOP. BANK LTD., BRANCH RATANLAL PLOT, NEAR RAGHUVANSHI MANGAL KARYALAYA, RATANLAL PLOT, AKOLA. 444001",AKOLA,AKOLA,MAHARASHTRA,THE AKOLA DISTRICT CENTRAL COOPERATIVE BANK
ADCC0000028,61,BARSHITAKLI BRANCH,"THE AKOLA DISTRICT CENTRAL COOP. BANK LTD., BRANCH BARSHITAKLI, AT. PO. TQ. BARSHITAKLI, DIST. AKOLA. 444401",BARSI-TAKLI,AKOLA,MAHARASHTRA,THE AKOLA DISTRICT CENTRAL COOPERATIVE BANK
ADCC0000029,61,PINJAR BRANCH,"THE AKOLA DISTRICT CENTRAL COOP. BANK LTD., BRANCH PINJAR, AT. PO. PINJAR, TQ. BARSHITAKLI, DIST. AKOLA. 444407",PINJAR,AKOLA,MAHARASHTRA,THE AKOLA DISTRICT CENTRAL COOPERATIVE BANK
ADCC0000030,61,MAHAN BRANCH,"THE AKOLA DISTRICT CENTRAL COOP. BANK LTD., BRANCH MAHAN, AT. PO. MAHAN, TQ. BARSHITAKLI, DIST. AKOLA. 444405",MAHAN,AKOLA,MAHARASHTRA,THE AKOLA DISTRICT CENTRAL COOPERATIVE BANK
ADCC0000031,61,KANHERI SARAP BRANCH,"THE AKOLA DISTRICT CENTRAL COOP. BANK LTD., BRANCH KANHERI SARAP, AT. PO. KANHERI SARAP, TQ. BARSHITAKLI, DIST. AKOLA. 444401",KANHERI SARAP,AKOLA,MAHARASHTRA,THE AKOLA DISTRICT CENTRAL COOPERATIVE BANK
ADCC0000032,61,DHABA BRANCH,"THE AKOLA DISTRICT CENTRAL COOP. BANK LTD., BRANCH DHABA, AT. PO. DHABA, TQ. BARSHITAKLI, DIST. AKOLA. 444401",DHABA,AKOLA,MAHARASHTRA,THE AKOLA DISTRICT CENTRAL COOPERATIVE BANK
ADCC0000033,61,AKOT MAIN BRANCH,"THE AKOLA DISTRICT CENTRAL COOP. BANK LTD., BRANCH AKOT MAIN, AT. PO. TQ. AKOT, DIST. AKOLA. 444101",AKOT,AKOLA,MAHARASHTRA,THE AKOLA DISTRICT CENTRAL COOPERATIVE BANK
ADCC0000034,61,AKOT CITY BRANCH,"THE AKOLA DISTRICT CENTRAL COOP. BANK LTD., BRANCH AKOT CITY, AT. PO. TQ. AKOT, DIST. AKOLA. 444101",AKOT,AKOLA,MAHARASHTRA,THE AKOLA DISTRICT CENTRAL COOPERATIVE BANK
ADCC0000035,61,AKOT NARSING MANDIR BRANCH,"THE AKOLA DISTRICT CENTRAL COOP. BANK LTD.,BRANCH NARSING MANDIR, AT. PO. TQ. AKOT, DIST. AKOLA. 444101",AKOT,AKOLA,MAHARASHTRA,THE AKOLA DISTRICT CENTRAL COOPERATIVE BANK
ADCC0000036,61,SAVARA BRANCH,"THE AKOLA DISTRICT CENTRAL COOP. BANK LTD., BRANCH SAVARA, AT. PO. SAVARA, TQ. AKOT, DIST. AKOLA. 444101",AKOT,AKOLA,MAHARASHTRA,THE AKOLA DISTRICT CENTRAL COOPERATIVE BANK
ADCC0000037,61,RAUNDALA BRANCH,"THE AKOLA DIST. CENTRAL COOP. BANK LTD., BRANCH RAUNDALA, AT PO. DEVRI PHATA PARISAR, NEAR SWAMI VIVEKANAND CONVENT. TQ. AKOT DIST. AKOLA., 444101",CHAUHATTA,AKOLA,MAHARASHTRA,THE AKOLA DISTRICT CENTRAL COOPERATIVE BANK
ADCC0000038,61,CHOHOTTA BAZAR BRANCH,"THE AKOLA DISTRICT CENTRAL COOP. BANK LTD., BRANCH CHOHOTTA BAZAR, AT. PO. CHOHOTTA BAZAR, TQ. AKOT, DIST. AKOLA. 444125",CHAUHATTA,AKOLA,MAHARASHTRA,THE AKOLA DISTRICT CENTRAL COOPERATIVE BANK
ADCC0000039,61,WARUL JAULKA BRANCH,"THE AKOLA DISTRICT CENTRAL COOP. BANK LTD.,BRANCH WARUD JAULKA, AT. PO. WARUD JAULKA,TQ. AKOT, DIST. AKOLA. 444101",CHAUHATTA,AKOLA,MAHARASHTRA,THE AKOLA DISTRICT CENTRAL COOPERATIVE BANK
AKJB0000009,100,TAPADIA NAGAR,"TATYASAHEB OKE MARG, JATHARPETH CHOWK, AKOLA PIN 444 005",AKOLA,AKOLA,MAHARASHTRA,AKOLA JANATA COMMERCIAL COOPERATIVE BANK
ADCC0000040,61,AKOLKHED BRANCH,"THE AKOLA DISTRICT CENTRAL COOP. BANK LTD., BRANCH AKOLKHED, AT. PO. AKOLKHED, TQ. AKOT, DIST.AKOLA. 444101",AKOT,AKOLA,MAHARASHTRA,THE AKOLA DISTRICT CENTRAL COOPERATIVE BANK
ADCC0000041,61,KUTASA BRANCH,"THE AKOLA DISTRICT CENTRAL COOP. BANK LTD., BRANCH KUTASA, AT. PO. KUTASA, TQ. AKOT, DIST. AKOLA. 444101",KUTASA,AKOLA,MAHARASHTRA,THE AKOLA DISTRICT CENTRAL COOPERATIVE BANK
ADCC0000042,61,MUNDGAON BRANCH,"THE AKOLA DISTRICT CENTRAL COOP. BANK LTD., BRANCH MUNDGAON, AT. PO. MUNDGAON, TQ. AKOT, DIST. AKOLA. 444117",MUNDGAON,AKOLA,MAHARASHTRA,THE AKOLA DISTRICT CENTRAL COOPERATIVE BANK
ADCC0000043,61,TELHARA MAIN BRANCH,"THE AKOLA DISTRICT CENTRAL COOP. BANK LTD., BRANCH TELHARA MAIN, AT. PO. TQ.TELHARA,  DIST. AKOLA. 444108",TELHARA,AKOLA,MAHARASHTRA,THE AKOLA DISTRICT CENTRAL COOPERATIVE BANK
ADCC0000044,61,TELHARA CITY BRANCH,"THE AKOLA DISTRICT CENTRAL COOP. BANK LTD., BRANCH TELHARA CITY, AT. PO. TQ.TELHARA,  DIST. AKOLA. 444108",TELHARA,AKOLA,MAHARASHTRA,THE AKOLA DISTRICT CENTRAL COOPERATIVE BANK
ADCC0000045,61,HIWARKHED BRANCH,"THE AKOLA DISTRICT CENTRAL COOP. BANK LTD., BRANCH HIWARKHED, AT. PO. HIWARKHED, TQ. TELHARA, DIST.AKOLA. 444103",HIWARKHED,AKOLA,MAHARASHTRA,THE AKOLA DISTRICT CENTRAL COOPERATIVE BANK
ADCC0000046,61,DANAPUR BRANCH,"THE AKOLA DISTRICT CENTRAL COOP. BANK LTD.,BRANCH DANAPUR, AT. PO. DANAPUR, TQ. TELHARA, DIST.AKOLA. 444129",DANAPUR,AKOLA,MAHARASHTRA,THE AKOLA DISTRICT CENTRAL COOPERATIVE BANK
ADCC0000047,61,PATHARDI BRANCH,"THE AKOLA DISTRICT CENTRAL COOP. BANK LTD., BRANCH PATHARDI, AT. PO. PATHARDI, TQ. TELHARA, DIST.AKOLA. 444117",PATHARDI,AKOLA,MAHARASHTRA,THE AKOLA DISTRICT CENTRAL COOPERATIVE BANK
ADCC0000048,61,BELKHED BRANCH,"THE AKOLA DISTRICT CENTRAL COOP. BANK LTD.,BRANCH BELKHED, AT. PO. BELKHED, TQ. TELHARA, DIST.AKOLA. 444108",TELHARA,AKOLA,MAHARASHTRA,THE AKOLA DISTRICT CENTRAL COOPERATIVE BANK
AKJB0000004,100,WASHIM,"JANVAIBHAV,RISOD NAKA, WASHIM PIN 444 505",WASHIM,WASHIM,MAHARASHTRA,AKOLA JANATA COMMERCIAL COOPERATIVE BANK
ADCC0000049,61,AADSUL ┬áBRANCH,"THE AKOLA DISTRICT CENTRAL COOP. BANK LTD., BRANCH ADSUL, AT. PO. ADSUL, TQ. TELHARA, DIST. AKOLA. 444108",TELHARA,AKOLA,MAHARASHTRA,THE AKOLA DISTRICT CENTRAL COOPERATIVE BANK
ADCC0000050,61,ADGAON BUJRUK BRANCH,"THE AKOLA DISTRICT CENTRAL COOP. BANK LTD., BRANCH ADGAON, AT.PO. ADGAON, TQ. TELHARA, DIST.AKOLA. 444126",ADGAON BK,AKOLA,MAHARASHTRA,THE AKOLA DISTRICT CENTRAL COOPERATIVE BANK
ADCC0000051,61,BALAPUR BRANCH,"THE AKOLA DISTRICT CENTRAL COOP. BANK LTD., BRANCH BALAPUR, AT.PO. TQ. BALAPUR, DIST. AKOLA. 444302",BALAPUR,AKOLA,MAHARASHTRA,THE AKOLA DISTRICT CENTRAL COOPERATIVE BANK
ADCC0000052,61,URAL BRANCH,"THE AKOLA DISTRICT CENTRAL COOP. BANK LTD.,BRANCH URAL BK., AT. PO. URAL BK., TQ. BALAPUR, DIST.AKOLA. 444311",URAL(BK),AKOLA,MAHARASHTRA,THE AKOLA DISTRICT CENTRAL COOPERATIVE BANK
ADCC0000053,61,WADEGAON BRANCH,"THE AKOLA DISTRICT CENTRAL COOP. BANK LTD.,BRANCH WADEGAON, AT. PO. WADEGAON, TQ. BALAPUR, DIST. AKOLA. 444502",WADEGAON,AKOLA,MAHARASHTRA,THE AKOLA DISTRICT CENTRAL COOPERATIVE BANK
ADCC0000054,61,NIMBA ┬áBRANCH,"THE AKOLA DISTRICT CENTRAL COOP. BANK LTD.,BRANCH NIMBA, AT. PO. NIMBA, TQ. BALAPUR, DIST.AKOLA. 444311",NIMBA,AKOLA,MAHARASHTRA,THE AKOLA DISTRICT CENTRAL COOPERATIVE BANK
ADCC0000055,61,PARAS BRANCH,"THE AKOLA DISTRICT CENTRAL COOP. BANK LTD.,BRANCH PARAS, AT. PO. PARAS, TQ. BALAPUR, DIST.AKOLA. 444109",PARAS,AKOLA,MAHARASHTRA,THE AKOLA DISTRICT CENTRAL COOPERATIVE BANK
ADCC0000056,61,HATRUN BRANCH,"THE AKOLA DISTRICT CENTRAL COOP. BANK LTD.,BRANCH HATRUN, AT. PO. HATRUN, TQ. BALAPUR, DIST.AKOLA 444109",PARAS,AKOLA,MAHARASHTRA,THE AKOLA DISTRICT CENTRAL COOPERATIVE BANK
ADCC0000057,61,VYALA BRANCH,"THE AKOLA DISTRICT CENTRAL COOP. BANK LTD.,BRANCH VYALA, AT. PO. VYALA, TQ. BALAPUR, DIST.AKOLA. 444302",VYALA,AKOLA,MAHARASHTRA,THE AKOLA DISTRICT CENTRAL COOPERATIVE BANK
ADCC0000058,61,PATUR ┬áBRANCH,"THE AKOLA DISTRICT CENTRAL COOP. BANK LTD.,BRANCH PATUR, AT. PO. TQ. PATUR, DIST. AKOLA. 444501",PATUR,AKOLA,MAHARASHTRA,THE AKOLA DISTRICT CENTRAL COOPERATIVE BANK
ADCC0000059,61,CHANNI ┬áBRANCH,"THE AKOLA DISTRICT CENTRAL COOP. BANK LTD.,BRANCH CHANNI, AT. PO. CHANNI, TQ. PATUR, DIST. AKOLA. 444501",CHANNI,AKOLA,MAHARASHTRA,THE AKOLA DISTRICT CENTRAL COOPERATIVE BANK
ADCC0000060,61,AALEGAON BRANCH,"THE AKOLA DISTRICT CENTRAL COOP. BANK LTD.,BRANCH ALEGAON, AT. PO. ALEGAON, TQ. PATUR, DIST.AKOLA. 444511",ALEGAON,AKOLA,MAHARASHTRA,THE AKOLA DISTRICT CENTRAL COOPERATIVE BANK
ADCC0000061,61,VIWARA BABHULGAON BRANCH,"THE AKOLA DISTRICT CENTRAL COOP. BANK LTD.,BRANCH VIWARA, AT. PO. VIWARA, TQ. PATUR, DIST. AKOLA. 444511",BABULGAON,AKOLA,MAHARASHTRA,THE AKOLA DISTRICT CENTRAL COOPERATIVE BANK
ADCC0000062,61,SASTI BRANCH,"THE AKOLA DISTRICT CENTRAL COOP. BANK LTD.,BRANCH SASTI, AT. PO. SASTI, TQ. PATUR, DIST. AKOLA. 444501",SASTI,AKOLA,MAHARASHTRA,THE AKOLA DISTRICT CENTRAL COOPERATIVE BANK
ADCC0000064,61,MURTIJAPUR MAIN BRANCH,"THE AKOLA DISTRICT CENTRAL COOP. BANK LTD.,BRANCH MURTIZAPUR MAIN, AT.PO.TQ. MURTIZAPUR, DIST.AKOLA. 444107",MURTIZAPUR,AKOLA,MAHARASHTRA,THE AKOLA DISTRICT CENTRAL COOPERATIVE BANK
ADCC0000065,61,MURTIJAPUR MARKET YARD BRANCH,"THE AKOLA DISTRICT CENTRAL COOP. BANK LTD.,BRANCH MURTIZAPUR M.Y., AT.PO.TQ. MURTIZAPUR, DIST.AKOLA. 444107",MURTIZAPUR,AKOLA,MAHARASHTRA,THE AKOLA DISTRICT CENTRAL COOPERATIVE BANK
ADCC0000066,61,MURTIJAPUR CITY BRANCH,"THE AKOLA DISTRICT CENTRAL COOP. BANK LTD.,BRANCH MURTIZAPUR CITY, AT.PO.TQ. MURTIZAPUR, DIST.AKOLA. 444107",MURTIZAPUR,AKOLA,MAHARASHTRA,THE AKOLA DISTRICT CENTRAL COOPERATIVE BANK
ADCC0000067,61,MANA BRANCH,"THE AKOLA DISTRICT CENTRAL COOP. BANK LTD.,BRANCH MANA, AT. PO. MANA, TQ. MURTIZAPUR, DIST.AKOLA. 444106",MANA,AKOLA,MAHARASHTRA,THE AKOLA DISTRICT CENTRAL COOPERATIVE BANK
ADCC0000068,61,KURUM BRANCH,"THE AKOLA DISTRICT CENTRAL COOP. BANK LTD.,BRANCH KURUM, AT. PO. KURUM, TQ. MURTIZAPUR, DIST.AKOLA. 444115",KURUM,AKOLA,MAHARASHTRA,THE AKOLA DISTRICT CENTRAL COOPERATIVE BANK
ADCC0000070,61,KARANJA MAIN BRANCH,"THE AKOLA DISTRICT CENTRAL COOP. BANK LTD.,BRANCH KARANJA MAIN, AT. PO. TQ. KARANJA,  DIST.WASHIM. 444105",KARANJA,WASHIM,MAHARASHTRA,THE AKOLA DISTRICT CENTRAL COOPERATIVE BANK
ADCC0000071,61,KARANJA CITY BRANCH,"THE AKOLA DISTRICT CENTRAL COOP. BANK LTD.,BRANCH KARANJA CITY, AT. PO. TQ. KARANJA,  DIST.WASHIM. 444105",KARANJA,WASHIM,MAHARASHTRA,THE AKOLA DISTRICT CENTRAL COOPERATIVE BANK
ADCC0000072,61,KAMARGAON BRANCH,"THE AKOLA DISTRICT CENTRAL COOP. BANK LTD.,BRANCH KAMARGAON, AT. PO. KAMARGAON, TQ.KARANJA DIST. WASHIM. 444110",KAMARGAON,WASHIM,MAHARASHTRA,THE AKOLA DISTRICT CENTRAL COOPERATIVE BANK
ADCC0000073,61,UMBARDA BAZAR BRANCH,"THE AKOLA DISTRICT CENTRAL COOP. BANK LTD.,BRANCH UMBARDA BAZAR, AT. PO. UMBARDA BAZAR, TQ.KARANJA, DIST. WASHIM.444102",UMBARDA BAZAR,WASHIM,MAHARASHTRA,THE AKOLA DISTRICT CENTRAL COOPERATIVE BANK
ADCC0000074,61,DHANAJ BUJRUK BRANCH,"THE AKOLA DISTRICT CENTRAL COOP. BANK LTD.,BRANCH DHANAJ BK, AT. PO. DHANAJ BK., TQ. KARANJA, DIST. WASHIM. 444110",DHANAJ BUDRUK,WASHIM,MAHARASHTRA,THE AKOLA DISTRICT CENTRAL COOPERATIVE BANK
ADCC0000075,61,MANBHA BRANCH,"THE AKOLA DISTRICT CENTRAL COOP. BANK LTD.,BRANCH MANBHA, AT. PO. MANBHA, TQ. KARANJA, DIST.WASHIM. 444105",UMBARDA BAZAR,WASHIM,MAHARASHTRA,THE AKOLA DISTRICT CENTRAL COOPERATIVE BANK
ADCC0000076,61,POHA BRANCH,"THE AKOLA DISTRICT CENTRAL COOP. BANK LTD.,BRANCH POHA, AT. PO. POHA, TQ. KARANJA, DIST.WASHIM 444105",KARANJA,WASHIM,MAHARASHTRA,THE AKOLA DISTRICT CENTRAL COOPERATIVE BANK
ADCC0000077,61,KAJALESHWAR BRANCH,"THE AKOLA DISTRICT CENTRAL COOP. BANK LTD.,BRANCH KAJALESHWAR, AT. PO. KAJALESHWAR, TQ. KARANJA DIST. WASHIM. 444017",KAJALESHWAR,WASHIM,MAHARASHTRA,THE AKOLA DISTRICT CENTRAL COOPERATIVE BANK
ADCC0000078,61,MANGRULPIR MAIN BRANCH,"THE AKOLA DISTRICT CENTRAL COOP. BANK LTD.,BRANCH MANGRULPIR MAIN, AT. PO. TQ. MANGRULPIR, DIST.WASHIM. 444403",MANGRULPIR,WASHIM,MAHARASHTRA,THE AKOLA DISTRICT CENTRAL COOPERATIVE BANK
ADCC0000079,61,MANGRULPIR CITY BRANCH,"THE AKOLA DISTRICT CENTRAL COOP. BANK LTD.,BRANCH MANGRULPIR CITY, AT. PO. TQ. MANGRULPIR, DIST.WASHIM. 444403",MANGRULPIR,WASHIM,MAHARASHTRA,THE AKOLA DISTRICT CENTRAL COOPERATIVE BANK
AKJB0000010,100,GORAKSHAN ROAD,"PRABHU PLAZA, NEAR POWER HOUSE, GORAKSHAN ROAD, AKOLA PIN 444 004",AKOLA,AKOLA,MAHARASHTRA,AKOLA JANATA COMMERCIAL COOPERATIVE BANK
ADCC0000080,61,MOHARI ┬áBRANCH,"THE AKOLA DISTRICT CENTRAL COOP. BANK LTD.,BRANCH MOHARI, AT. PO. MOHARI, TQ. MANGRULPIR, DIST.WASHIM. 444403",MANGRULPIR,WASHIM,MAHARASHTRA,THE AKOLA DISTRICT CENTRAL COOPERATIVE BANK
ADCC0000081,61,SHELU BAZAR BRANCH,"THE AKOLA DISTRICT CENTRAL COOP. BANK LTD.,BRANCH SHELU BAZAR, AT. PO. SHELU BAZAR, TQ.MANGRULPIR, DIST. WASHIM. 444402",SELU BAZAR,WASHIM,MAHARASHTRA,THE AKOLA DISTRICT CENTRAL COOPERATIVE BANK
ADCC0000082,61,WANOJA BRANCH,"THE AKOLA DISTRICT CENTRAL COOP. BANK LTD.,BRANCH WANOJA, AT. PO. WANOJA, TQ. MANGRULPIR, DIST.WASHIM. 444402",SELU BAZAR,WASHIM,MAHARASHTRA,THE AKOLA DISTRICT CENTRAL COOPERATIVE BANK
AKJB0000003,100,RISOD,"JANVAIBHAV, MAIN ROAD, CIVIL LINE, RISOD PIN 4440506",RISOD,WASHIM,MAHARASHTRA,AKOLA JANATA COMMERCIAL COOPERATIVE BANK
ADCC0000083,61,DHANORA BRANCH,"THE AKOLA DISTRICT CENTRAL COOP. BANK LTD.,BRANCH DHANORA, AT. PO. DHANORA, TQ. MANGRULPIR, DIST. WASHIM. 444507",MANGRULPIR,WASHIM,MAHARASHTRA,THE AKOLA DISTRICT CENTRAL COOPERATIVE BANK
ADCC0000084,61,MANORA BRANCH,"THE AKOLA DISTRICT CENTRAL COOP. BANK LTD.,BRANCH MANORA, AT. PO. TQ. MANORA, DIST. WASHIM. 444404",MANORA,WASHIM,MAHARASHTRA,THE AKOLA DISTRICT CENTRAL COOPERATIVE BANK
ADCC0000085,61,SHENDURJANA BRANCH,"THE AKOLA DISTRICT CENTRAL COOP. BANK LTD.,BRANCH SHENDURJANA, AT. PO. SHENDURJANA, TQ.MANORA, DIST. WASHIM. 444403",SHENDURJANA,WASHIM,MAHARASHTRA,THE AKOLA DISTRICT CENTRAL COOPERATIVE BANK
ADCC0000086,61,POHARADEVI BRANCH,"THE AKOLA DISTRICT CENTRAL COOP. BANK LTD.,BRANCH POHARADEVI, AT. PO. POHARADEVI, TQ. MANORA, DIST. WASHIM. 444404",POHARADEVI,WASHIM,MAHARASHTRA,THE AKOLA DISTRICT CENTRAL COOPERATIVE BANK
ADCC0000087,61,SAKHARDOH BRANCH,"THE AKOLA DISTRICT CENTRAL COOP. BANK LTD.,BRANCH SAKHARDOH, AT. PO. SAKHARDOH, TQ. MANORA, DIST. WASHIM. 444403",MANORA,WASHIM,MAHARASHTRA,THE AKOLA DISTRICT CENTRAL COOPERATIVE BANK
ADCC0000088,61,WASHIM MAIN BRANCH,"THE AKOLA DISTRICT CENTRAL COOP. BANK LTD.,BRANCH WASHIM MAIN, NEAR BUS STAND, WASHIM TQ.DIST. WASHIM,  444505",WASHIM,WASHIM,MAHARASHTRA,THE AKOLA DISTRICT CENTRAL COOPERATIVE BANK
ADCC0000089,61,WASHIM CITY BRANCH,"THE AKOLA DISTRICT CENTRAL COOP. BANK LTD.,BRANCH WASHIM CITY, SHUKRAWAR PETH, WASHIM, TQ.DIST.WASHIM. 444505",WASHIM,WASHIM,MAHARASHTRA,THE AKOLA DISTRICT CENTRAL COOPERATIVE BANK
ADCC0000090,61,ANSING BRANCH,"THE AKOLA DISTRICT CENTRAL COOP. BANK LTD.,BRANCH ANSING, AT. PO. ANSING, TQ. DIST. WASHIM. 444507",ANSING,WASHIM,MAHARASHTRA,THE AKOLA DISTRICT CENTRAL COOPERATIVE BANK
ADCC0000091,61,TONDGAON BRANCH,"THE AKOLA DISTRICT CENTRAL COOP. BANK LTD.,BRANCH TONDGAON, AT. PO. TONDGAON, TQ.DIST.WASHIM 444505",WASHIM,WASHIM,MAHARASHTRA,THE AKOLA DISTRICT CENTRAL COOPERATIVE BANK
ADCC0000092,61,PARDI TAKMOR BRANCH,"THE AKOLA DISTRICT CENTRAL COOP. BANK LTD.,BRANCH PARDITAKMOR, AT. PO. PARDITAKMOR, TQ.DIST.WASHIM. 444505",PARDI TAKMOR,WASHIM,MAHARASHTRA,THE AKOLA DISTRICT CENTRAL COOPERATIVE BANK
ADCC0000093,61,MALEGAON BRANCH,"THE AKOLA DISTRICT CENTRAL COOP. BANK LTD.,BRANCH MALEGAON, AT. PO. TQ. MALEGAON, DIST.WASHIM. 444503",MALEGAON,WASHIM,MAHARASHTRA,THE AKOLA DISTRICT CENTRAL COOPERATIVE BANK
ADCC0000094,61,KINHIRAJA BRANCH,"THE AKOLA DISTRICT CENTRAL COOP. BANK LTD.,BRANCH KINHIRAJA, AT. PO. KINHIRAJA, TQ. MALEGAON, DIST.WASHIM. 444503",KINHIRAJA,WASHIM,MAHARASHTRA,THE AKOLA DISTRICT CENTRAL COOPERATIVE BANK
ADCC0000095,61,SHIRPUR JAIN BRANCH,"THE AKOLA DISTRICT CENTRAL COOP. BANK LTD.,BRANCH SHIRPUR, AT. PO. SHIRPUR, TQ. MALEGAON, DIST.WASHIM. 444504",SHIRPUR,WASHIM,MAHARASHTRA,THE AKOLA DISTRICT CENTRAL COOPERATIVE BANK
ADCC0000096,61,MEDSHI BRANCH,"THE AKOLA DISTRICT CENTRAL COOP. BANK LTD.,BRANCH MEDSHI, AT. PO. MEDSHI, TQ. MALEGAON, DIST.WASHIM. 444512",MEDSHI,WASHIM,MAHARASHTRA,THE AKOLA DISTRICT CENTRAL COOPERATIVE BANK
ADCC0000097,61,PANGRIKUTE BRANCH,"THE AKOLA DISTRICT CENTRAL COOP. BANK LTD.,BRANCH PANGRIKUTE, AT. PO. PANGRIKUTE, TQ. MALEGAON DIST. WASHIM. 444503",MALEGAON,WASHIM,MAHARASHTRA,THE AKOLA DISTRICT CENTRAL COOPERATIVE BANK
ADCC0000098,61,JAULKA RAILWAY BRANCH,"THE AKOLA DISTRICT CENTRAL COOP. BANK LTD.,BRANCH JAULKA RLY, AT. PO. JAULKA RLY, TQ. MALEGAON, DIST. WASHIM. 444503",JAULKA,WASHIM,MAHARASHTRA,THE AKOLA DISTRICT CENTRAL COOPERATIVE BANK
ADCC0000099,61,RISOD MAIN BRANCH,"THE AKOLA DISTRICT CENTRAL COOP. BANK LTD.,BRANCH RISOD MAIN, AT. PO. TQ. RISOD, DIST. WASHIM. 444506",RISOD,WASHIM,MAHARASHTRA,THE AKOLA DISTRICT CENTRAL COOPERATIVE BANK
ADCC0000100,61,RISOD CITY BRANCH,"THE AKOLA DISTRICT CENTRAL COOP. BANK LTD.,BRANCH RISOD CITY, AT. PO. TQ. RISOD, DIST. WASHIM. 444506",RISOD,WASHIM,MAHARASHTRA,THE AKOLA DISTRICT CENTRAL COOPERATIVE BANK
ADCC0000101,61,RITHAD BRANCH,"THE AKOLA DISTRICT CENTRAL COOP. BANK LTD.,BRANCH RITHAD, AT. PO. RITHAD, TQ. RISOD, DIST.WASHIM 444510",RITHAD,WASHIM,MAHARASHTRA,THE AKOLA DISTRICT CENTRAL COOPERATIVE BANK
ADCC0000102,61,KENWAD BRANCH,"THE AKOLA DISTRICT CENTRAL COOP. BANK LTD.,BRANCH KENWAD, AT. PO. KENWAD, TQ. RISOD, DIST.WASHIM. 444503",KENWAD,WASHIM,MAHARASHTRA,THE AKOLA DISTRICT CENTRAL COOPERATIVE BANK
ADCC0000103,61,MANGULZANAK BRANCH,"THE AKOLA DISTRICT CENTRAL COOP. BANK LTD.,BRANCH MANGUL ZANAK, AT. PO. MANGUL ZANAK, TQ. RISOD, DIST. WASHIM. 444504",MANGRUL ZANAK,WASHIM,MAHARASHTRA,THE AKOLA DISTRICT CENTRAL COOPERATIVE BANK
ADCC0000104,61,HARAL BRANCH,"THE AKOLA DISTRICT CENTRAL COOP. BANK LTD.,BRANCH HARAL, AT. PO. HARAL, TQ. RISOD, DIST. WASHIM. 444510",RISOD,WASHIM,MAHARASHTRA,THE AKOLA DISTRICT CENTRAL COOPERATIVE BANK
ADCC0000105,61,MOP BRANCH,"THE AKOLA DISTRICT CENTRAL COOP. BANK LTD.,BRANCH MOP, AT. PO. MOP, TQ. RISOD, DIST. WASHIM 444506",RISOD,WASHIM,MAHARASHTRA,THE AKOLA DISTRICT CENTRAL COOPERATIVE BANK
ADCC0000106,61,KESHAV NAGAR,"THE AKOLA DISTRICT CENTRAL COOP. BANK LTD.,BRANCH KESHAVNAGAR, AT. PO. KESHAVNAGAR, TQ. RISOD DIST. WASHIM. 444504",MASALA PEN,WASHIM,MAHARASHTRA,THE AKOLA DISTRICT CENTRAL COOPERATIVE BANK
ADCC0000107,61,WAKAD,"THE AKOLA DISTRICT CENTRAL COOP. BANK LTD., BRANCH WAKAD, AT.PO. WAKAD, TQ. RISOD, DIST. WASHIM 444506",WAKAD,WASHIM,MAHARASHTRA,THE AKOLA DISTRICT CENTRAL COOPERATIVE BANK
ADCC0000108,61,CHIKHALI EXTENSION COUNTER,"THE AKOLA DISTRICT CENTRAL COOPERATIVE BANK LTD., CHIKHALI",RISOD,WASHIM,MAHARASHTRA,THE AKOLA DISTRICT CENTRAL COOPERATIVE BANK
ADCC0000109,61,KASOLA,"THE AKOLA DISTRICT CENTRAL COOPERATIVE BANK LTD., KASOLA",KASOLA,WASHIM,MAHARASHTRA,THE AKOLA DISTRICT CENTRAL COOPERATIVE BANK
ADCC0000110,61,BORDI EXTENSION COUNTER,"THE AKOLA DISTRICT CENTRAL COOPERATIVE BANK LTD., IN FRONT OF GRAM PANCHAYAT BORDI",AKOT,AKOLA,MAHARASHTRA,THE AKOLA DISTRICT CENTRAL COOPERATIVE BANK
ADCC0000111,61,PATNI CHOWK BRANCH WASHIM,"THE AKOLA DISTRICT CENTRAL COOP. BANK LTD., BRANCH PATNI CHOWK, AT.PO. WASHIM, TQ. WASHIM, DIST. WASHIM 444506",WASHIM,WASHIM,MAHARASHTRA,THE AKOLA DISTRICT CENTRAL COOPERATIVE BANK
ADCC0000112,61,ASEGAON EXTENSION COUNTER,"THE AKOLA DISTRICT CENTRAL COOPERATIVE BANK LTD., ASEGAON",ASEGAON,WASHIM,MAHARASHTRA,THE AKOLA DISTRICT CENTRAL COOPERATIVE BANK
ADCC0000113,61,ZP WASHIM BRANCH,"THE AKOLA DISTRICT CENTRAL CO-OPERATIVE BANK LTD., ZP BRANCH WASHIM",WASHIM,WASHIM,MAHARASHTRA,THE AKOLA DISTRICT CENTRAL COOPERATIVE BANK
ADCC0000114,61,HIWARKHED EXTENSION COUNTER,"THE AKOLA DISTRICT CENTRAL CO OPERATIVE BANK LTD., AKOLA, HIWARKHED",HIWARKHED,AKOLA,MAHARASHTRA,THE AKOLA DISTRICT CENTRAL COOPERATIVE BANK
AKJB0000001,100,RTGS-HO,"JANVAIBHAV,OLD COTTON MARKET,AKOLA,PIN 444001",AKOLA,AKOLA,MAHARASHTRA,AKOLA JANATA COMMERCIAL COOPERATIVE BANK
AKJB0000002,100,MALEGAON,"JANVAIBHAV, MAIN ROAD, MALEGAON PIN 444 503",MALEGAON,WASHIM,MAHARASHTRA,AKOLA JANATA COMMERCIAL COOPERATIVE BANK
ALLA0210636,11,SILAO,"VILL. & P.O. SILAO, DIST- NALANDA -803117",SILAO,NALANDA,BIHAR,ALLAHABAD BANK
AKJB0000005,100,MANGRULPIR,"JANVAIBHAV, MAIN ROAD, MANGRULPIR PIN 444 403",MANGRULPIR,WASHIM,MAHARASHTRA,AKOLA JANATA COMMERCIAL COOPERATIVE BANK
AKJB0000006,100,KARANJA,"JANVAIBHAV, SHASIKANT TALKIES ROAD, KARANJA PIN 444 105",KARANJA,WASHIM,MAHARASHTRA,AKOLA JANATA COMMERCIAL COOPERATIVE BANK
AKJB0000007,100,TELHARA,"MAIN ROAD, TELHARA PIN 444 108",TELHARA,AKOLA,MAHARASHTRA,AKOLA JANATA COMMERCIAL COOPERATIVE BANK
AKJB0000008,100,TAJNAPETH,"SUBHASH ROAD, TAJNAPETH, AKOLA PIN 444 001",AKOLA,AKOLA,MAHARASHTRA,AKOLA JANATA COMMERCIAL COOPERATIVE BANK
AKJB0000011,100,MURTIZAPUR,"HARIYA NAGAR,MAIN ROAD,MURTIZAPUR PIN 444107",AKOLA,AKOLA,MAHARASHTRA,AKOLA JANATA COMMERCIAL COOPERATIVE BANK
AKJB0000012,100,AKOT,"AKOLA ROAD,SHIVAJI CHOWK,AKOT PIN 444101",AKOT,AKOLA,MAHARASHTRA,AKOLA JANATA COMMERCIAL COOPERATIVE BANK
AKJB0000013,100,SHIRPUR,"OMKAR NAGRI,WARD NO.3,BEHIND BUS STAND,SHIRPUR PIN 444 504",SHIRPUR,WASHIM,MAHARASHTRA,AKOLA JANATA COMMERCIAL COOPERATIVE BANK
AKJB0000014,100,MANORA,"MAIN ROAD,MANORA PIN 444 404",MANORA,WASHIM,MAHARASHTRA,AKOLA JANATA COMMERCIAL COOPERATIVE BANK
AKJB0000015,100,AMRAVATI,"DEVHARI COMPLEX,NEAR VASANT TALKIES,JAISTAMBH CHOWK,AMRAVATI PIN 444 601",AMRAVATI,AMRAVATI,MAHARASHTRA,AKOLA JANATA COMMERCIAL COOPERATIVE BANK
AKJB0000016,100,KHAMGAON,"JANVAIBHAV,SHRIRAM CHOWK,PHARSHI ROAD,INFRONT OF SAHELE COMPLEX,KHAMGAON PIN 444 303",KHAMGAON,BULDHANA,MAHARASHTRA,AKOLA JANATA COMMERCIAL COOPERATIVE BANK
AKJB0000017,100,OLD CITY,"NEAR CHHAYA HOSPITAL,DABKI ROAD,OLD CITY,AKOLA PIN 444 001",AKOLA,AKOLA,MAHARASHTRA,AKOLA JANATA COMMERCIAL COOPERATIVE BANK
AKJB0000018,100,JALGAON,"91,NAVIPETH,NEAR L.I.C. OFFICE,JALGAON PIN 425 001",JALGAON,JALGAON,MAHARASHTRA,AKOLA JANATA COMMERCIAL COOPERATIVE BANK
AKJB0000019,100,YAVATMAL,"DATTA CHOWK,YAVATMAL PIN 445 001",YAVATMAL,YAVATMAL,MAHARASHTRA,AKOLA JANATA COMMERCIAL COOPERATIVE BANK
AKJB0000020,100,NAGPUR,"SERVODAYA CLOTH MARKET,GANDHI BAUG,NAGPUR PIN 440 002",NAGPUR,NAGPUR,MAHARASHTRA,AKOLA JANATA COMMERCIAL COOPERATIVE BANK
AKJB0000021,100,DIGRAS,"NETAJI CHOWK,MAIN ROAD,DIGRAS PIN 445 203",DIGRAS,YAVATMAL,MAHARASHTRA,AKOLA JANATA COMMERCIAL COOPERATIVE BANK
AKJB0000022,100,MALKAPUR ROAD,"MAYUR COLONY,NEAR OCTRIO NAKA,MALKAPUR ROAD,AKOLA PIN 444 004",AKOLA,AKOLA,MAHARASHTRA,AKOLA JANATA COMMERCIAL COOPERATIVE BANK
AKJB0000023,100,AKOT ROAD,"JANVAIBHAV,NEAR HOMEOPATHIC COLLEGE,AKOT ROAD,AKOLA PIN 444 003",AKOLA,AKOLA,MAHARASHTRA,AKOLA JANATA COMMERCIAL COOPERATIVE BANK
AKJB0000024,100,MALKAPUR,"JANVAIBHAV,BHANSALI COMPLEX,BULDHANA ROAD,MALKAPUR PIN 443 101",MALKAPUR,BULDHANA,MAHARASHTRA,AKOLA JANATA COMMERCIAL COOPERATIVE BANK
AKJB0000025,100,PARBHANI,"KACHHI BAZAR,PARBHANI PIN 431 401",PARBHANI,PARBHANI,MAHARASHTRA,AKOLA JANATA COMMERCIAL COOPERATIVE BANK
AKJB0000026,100,NANDED,"GURUKRUPA MARKET,MAHAVIR CHOWK,VAZIRABAD,NANDED PIN 431 601",NANDED,NANDED,MAHARASHTRA,AKOLA JANATA COMMERCIAL COOPERATIVE BANK
AKJB0000027,100,KALBADEVI,"205,207,209 NARAYAN BANSILAL BLD.,KALBADEVI RD,IN FRONT OF JAIN MANDIR,KALBADEVI,MUMBAI PIN 400 002",MUMBAI,MUMBAI,MAHARASHTRA,AKOLA JANATA COMMERCIAL COOPERATIVE BANK
AKJB0000028,100,PARATWADA,"DURANI CHOWK,PARATWADA PIN 444 805",PARATWADA,AMRAVATI,MAHARASHTRA,AKOLA JANATA COMMERCIAL COOPERATIVE BANK
AKJB0000029,100,CHANDUR RLY,"GANDHI CHOWK,MAIN ROAD,CHANDUR RAILWAY PIN 444 904",CHANDUR RLY,AMRAVATI,MAHARASHTRA,AKOLA JANATA COMMERCIAL COOPERATIVE BANK
AKJB0000030,100,AURANGABAD,"AAKASHWANI CHOWK,JALNA ROAD,AURANGABAD PIN 431 001",AURANGABAD,AURANGABAD,MAHARASHTRA,AKOLA JANATA COMMERCIAL COOPERATIVE BANK
AKJB0000031,100,PUSAD,"THAKUR MARKET,MAIN ROAD,PUSAD PIN 445 204",PUSAD,YAVATMAL,MAHARASHTRA,AKOLA JANATA COMMERCIAL COOPERATIVE BANK
AKJB0000032,100,BURHANPUR,"PARINISHA,SHANWARA GATE,BURHANPUR M.P. PIN 450 331",BURHANPUR,BURHANPUR,MADHYA PRADESH,AKOLA JANATA COMMERCIAL COOPERATIVE BANK
AKJB0000033,100,INDORE,"CHETAK CENTRE,R.N.T.MARG,INDORE M.P.PIN 452 001",INDORE,INDORE,MADHYA PRADESH,AKOLA JANATA COMMERCIAL COOPERATIVE BANK
AKJB0000035,100,NASIK,"SURVEY NO.718,1A,2B,3 PLOT NO.469,CANADA CORNER,NASIK PIN 422 005",NASIK,NASIK,MAHARASHTRA,AKOLA JANATA COMMERCIAL COOPERATIVE BANK
AKJB0000036,100,SHELU BAZAR,LAXMICHAND VIDYALAY SHELU BAZAR PIN 444402,SHELU BAZAR,WASHIM,MAHARASHTRA,AKOLA JANATA COMMERCIAL COOPERATIVE BANK
AKJB0000037,100,SINDHI CAMP,GURUNANAK VIDYALAY SINDHI CAMP PIN 444004,AKOLA,AKOLA,MAHARASHTRA,AKOLA JANATA COMMERCIAL COOPERATIVE BANK
ALLA0210001,11,GUWAHATI MAIN BRANCH,"H. B. ROAD, MACHOWA, OPP. OF ASTC BUS STAND MACHKHOWA, GUWAHATI",GUWAHATI,KAMRUP,ASSAM,ALLAHABAD BANK
ALLA0210002,11,PATNA UNIVERSITY,"PATNA UNIVERSITY.GANESH ROAD,DIST-PATNA",PATNA,PATNA,BIHAR,ALLAHABAD BANK
ALLA0210003,11,PATNA MAIN,"BUDH MARG,DIST-PATNA,PIN-800001",PATNA,PATNA,BIHAR,ALLAHABAD BANK
ALLA0210004,11,HILSA,SHAHA MARKET HILSA DIST. NALANDA BIHAR - 801 302,HILSA,NALANDA,BIHAR,ALLAHABAD BANK
ALLA0210005,11,MUZAFFARPUR,"SARAIYAGANJ, MUZAFFARPUR PIN-842001",MUZAFFARPUR,MUZAFFARPUR,BIHAR,ALLAHABAD BANK
ALLA0210006,11,HAJIPUR (MUZAFFARPUR),VAISHALI 844 101,MUZAFFARPUR,MUZAFFARPUR,BIHAR,ALLAHABAD BANK
ALLA0210007,11,MARHOWRAH,VILL & P.O. MARHOWRAH DIST. SARAN - 841 418 BIHAR,MARHAURA,SARAN,BIHAR,ALLAHABAD BANK
ALLA0210008,11,BUXAR,"NAYA CHOWK BUXAR DIST. BUXAR,PIN -802101 DIST- BUXAR BIHAR 802101",BUXAR,BUXAR,BIHAR,ALLAHABAD BANK
ALLA0210009,11,JAMALPUR,MUNGER ROAD JAMALPUR DIST. MUNGER - BIHAR 811214,JAMALPUR,MUNGER,BIHAR,ALLAHABAD BANK
ALLA0210010,11,BHAGALPUR,"CHANDRALOK MARKET, GHANTAGHAR DISTT. BHAGALPUR BIHAR 812001",BHAGALPUR,BHAGALPUR,BIHAR,ALLAHABAD BANK
ALLA0210011,11,BHAGALPUR UNIVERSITY,BHAGALPUR UNIVERSITY CAMPUS P.O. T.N.B. COLLEGE BHAGALPUR - 812 007 BHAGALPUR - 812 007 BHAGALPUR BIHAR 812007,PATNA,PATNA,BIHAR,ALLAHABAD BANK
ALLA0210012,11,MADHUPUR,"P.O-MADHUPUR,DIST-DEOGHAR",MADHUPUR,DEOGHAR,JHARKHAND,ALLAHABAD BANK
ALLA0210013,11,JASIDIH,P.O.JASIDIH DIST:DEOGHAR,JASIDIH,DEOGHAR,JHARKHAND,ALLAHABAD BANK
ALLA0210014,11,DHANBAD,"CHAUDA MANSION,69,RAJENDRA MARKET,BANK MORE, KATRAS ROAD,DIST DHANBAD-826001",DHANBAD,DHANBAD,JHARKHAND,ALLAHABAD BANK
ALLA0210015,11,GOMOH,"PURNA BAZAR,GOMOH, DIST-BOKARO, JHARKAHAND",GOMOH,BOKARO,JHARKHAND,ALLAHABAD BANK
ALLA0210016,11,KATRASGARH,HANUMAN MANSION DIST-DHANBADJHARKHAND 828113,DHANBAD,DHANBAD,JHARKHAND,ALLAHABAD BANK
ALLA0210017,11,KUMARDHUBI,"TALDANGA, P.O-SARISAPAHARI KUMARDHUBI, BLOCK-NIRSA DIST-DHANBAD JHARKHAND DHANBAD JHARKHAND 828203",DHANBAD,DHANBAD,JHARKHAND,ALLAHABAD BANK
ALLA0210018,11,NIRSA,"VILL & P.O- NIRSA CHATTI, UPPER G.T. ROAD, NIRSA CHATTI DIST-DHANBAD JHARKHAND828205",NIRSA,DHANBAD,JHARKHAND,ALLAHABAD BANK
ALLA0210019,11,SIJUA,"VILL-SIJUA, DIST-DHANBAD, JHARKHAND",SIJUA,DHANBAD,JHARKHAND,ALLAHABAD BANK
ALLA0210020,11,GOVINDPUR,"VILL & P.O-GOVINDPUR, DIST-DHANBAD, PIN-828109, JHARKHAND",GOVINDPUR,DHANBAD,JHARKHAND,ALLAHABAD BANK
ALLA0210021,11,RANCHI MAIN,"RANCHI MAIN BRANCH, BUDHIA BUILDING, NEAR MAHAVIR MANDIR, MAIN ROAD RANCHI-834001.",RANCHI,RANCHI,JHARKHAND,ALLAHABAD BANK
ALLA0210022,11,ALIPORE BRANCH KOLKATA,"┬á1A, RONALDSHAY ROAD, KOLKATA - 700027",KOLKATA,KOLKATA,WEST BENGAL,ALLAHABAD BANK
ALLA0210023,11,KOLKATA BHOWANIPORE,"107-B,A.MUKHERJEE RD. KOL-025",KOLKATA,KOLKATA,WEST BENGAL,ALLAHABAD BANK
ALLA0210024,11,KASBA,"118, B.B. CHATTERJEE STREET KOLKATA - 700 042WEST BENGAL",KOLKATA,KOLKATA,WEST BENGAL,ALLAHABAD BANK
ALLA0210025,11,KOLKATA B. K. PAL AVENUE,"88, B K PAUL AVENUE, KOLKATA-700005",KOLKATA,KOLKATA,WEST BENGAL,ALLAHABAD BANK
ALLA0210026,11,KOLKATA SOUTH BRANCH,"111A,&B, S P MUKHERJEE ROAD, KOLKATA-700026",KOLKATA,KOLKATA,WEST BENGAL,ALLAHABAD BANK
ALLA0210027,11,KOLKATA CHITTARANJAN AVENUE,"113/1B, C.R. AVENUE, KOL-12",KOLKATA,KOLKATA,WEST BENGAL,ALLAHABAD BANK
ALLA0210028,11,KOLKATA BELIAGHATA,"P-214, C.I.T. ROAD, SCH-IV, KOL-10",KOLKATA,KOLKATA,WEST BENGAL,ALLAHABAD BANK
ALLA0210029,11,COLLEGE STREET,"224/5 B, BIDHAN SARANI KOLKATA WEST BENGAL 700007",KOLKATA,KOLKATA,WEST BENGAL,ALLAHABAD BANK
ALLA0210030,11,KOLKATA DHARAMTOLLA STREET,"5, C. R. AVENUE, KOLKATA  - 700 072 WEST BENGAL",KOLKATA,KOLKATA,WEST BENGAL,ALLAHABAD BANK
ALLA0210031,11,MAIN BRANCH  KOLKATA,"14, INDIA EXCHANGE PLACE , KOLKATA-700001",KOLKATA,KOLKATA,WEST BENGAL,ALLAHABAD BANK
ALLA0210032,11,HEAD OFFICE,"ALLAHABAD BANK,HEAD OFFICE,2 N S ROAD,KOLKATA 700001",KOLKATA,KOLKATA,WEST BENGAL,ALLAHABAD BANK
ALLA0210033,11,BURRABAZAR  KOLKATA,"140, COTTON STREET, BURRABAZAR, KOLKATA-7",KOLKATA,KOLKATA,WEST BENGAL,ALLAHABAD BANK
ALLA0210034,11,KOLKATA JODHPUR PARK,"505, JODHPUR PARK,KOLKATA",KOLKATA,KOLKATA,WEST BENGAL,ALLAHABAD BANK
ALLA0210035,11,KOLKATA K.K.TAGORE STREET,"36, KALI KRISHNA TAGORE STREET KOLKATA - 700 007  WEST BENGAL",KOLKATA,KOLKATA,WEST BENGAL,ALLAHABAD BANK
ALLA0210036,11,KOLKATA BRABOURNE ROAD,"6, LUCAS LANE KOLKATA - 700 001 EST BENGAL KOLKATA WEST BENGAL 700001",KOLKATA,KOLKATA,WEST BENGAL,ALLAHABAD BANK
ALLA0210037,11,GARIAHAT   KOLKATA,"51D, GARIAHAT ROAD, KOLKATA - 700019",KOLKATA,KOLKATA,WEST BENGAL,ALLAHABAD BANK
ALLA0210038,11,KOLKATA SHYAMBAZAR,"125, BIDHAN SARANI,KOL-4",KOLKATA,KOLKATA,WEST BENGAL,ALLAHABAD BANK
ALLA0210039,11,NORTH BARRACKPORE,"ICHAPUR KANTHADHAR, NAWABGANJ ,DIST. NORTH 24PGS, WEST BENGAL",NORTH BARRACKPUR,NORTH 24 PARGANAS,WEST BENGAL,ALLAHABAD BANK
ALLA0210040,11,KHARDAH,"B.T.ROAD, P.O.KHARDAH ,DIST. NORTH 24PGS, WEST BENGAL",KHARDAH,NORTH 24 PARGANAS,WEST BENGAL,ALLAHABAD BANK
ALLA0210041,11,BADURIA,"VILL+P.O. BADURIA  ,DIST. NORTH 24PGS, WEST BENGAL",BADURIA,NORTH 24 PARGANAS,WEST BENGAL,ALLAHABAD BANK
ALLA0210042,11,DEULPARA,"ANANDA BAZAR P.O.NAIHATI ,DIST. NORTH 24PGS, WEST BENGAL",DEULPARA,NORTH 24 PARGANAS,WEST BENGAL,ALLAHABAD BANK
ALLA0210043,11,TAKI,"TAKI MAIN ROAD  ,DIST. NORTH 24PGS, WEST BENGAL",TAKI,NORTH 24 PARGANAS,WEST BENGAL,ALLAHABAD BANK
ALLA0210044,11,BAIDYABATI,"263/6, G.T. ROAD,BAIDYABATI,HOOGLY, WEST BENGAL-712222",BAIDYABATI,HOOGHLY,WEST BENGAL,ALLAHABAD BANK
ALLA0210045,11,HOWRAH MAIN,17 & 18 N S ROAD HOWRAH - 1,HOWRAH,HOWRAH,WEST BENGAL,ALLAHABAD BANK
ALLA0210046,11,ASANSOL,"357/358, G.T.ROAD, ASANSOL",ASANSOL,BARDHAMAN,WEST BENGAL,ALLAHABAD BANK
ALLA0210047,11,BURDWAN,"73, P.B.C ROAD, BURDWAN WEST BENGAL BURDWAN WEST BENGAL 713101",BARDDHAMAN,BARDHAMAN,WEST BENGAL,ALLAHABAD BANK
ALLA0210048,11,GHUSKARA,P.O. GHUSKARA DIST. BURDWAN - 713 128,GHUSKARA,BARDDHAMAN,WEST BENGAL,ALLAHABAD BANK
ALLA0210049,11,ANDAL,"THANE ROAD, P.O. -ANDAL",ANDAL,BARDHAMAN,WEST BENGAL,ALLAHABAD BANK
ALLA0210050,11,UKHRA,"BALARAM DEY MARKET BUILDING MADHAIGANJ ROAD, BAHULA P.O. UKHRA  WEST BENGAL 713363",UKHRA,BARDHAMAN,WEST BENGAL,ALLAHABAD BANK
ALLA0210051,11,NALHATI,"NALTESWARI TEMPLE ROAD,NELHATI",NALHATI,BIRBHUM,WEST BENGAL,ALLAHABAD BANK
ALLA0210052,11,LABHPUR,"VILL & PO LABHPUR, DIT-BIRBHUM, WEST BENGAL",LABHPUR,BIRBHUM,WEST BENGAL,ALLAHABAD BANK
ALLA0210053,11,COSSIMBAZAR,"48, BABUL BONA ROAD, PO BERHAMPORE, DIST-MURSHIDABAD, WB - 742101",MURSHIDABAD,MURSHIDABAD,WEST BENGAL,ALLAHABAD BANK
ALLA0210054,11,SAGARDGHI,"VILL & PO SAGARDIGHI, DIST- MURSHIDABAD, WB",SAGARDIGHI,MURSHIDABAD,WEST BENGAL,ALLAHABAD BANK
ALLA0210055,11,SILIGURI,"RAJANI BAGAN, HILL CART ROAD SILIGURI",SILIGURI,DARJEELING,WEST BENGAL,ALLAHABAD BANK
ALLA0210056,11,DIMAPUR BRANCH,"KALIBARI ROAD, DIMAPUR-797112",DIMAPUR,DIMAPUR,NAGALAND,ALLAHABAD BANK
ALLA0210057,11,PARADIP,"ALLAHABAD BANK, PARADIP BRANCH, PARADIP PORT TRUST, ADMIN BUILDING ,ORISSA -754142",PARADIP,JAGATSINGHPUR,ODISHA,ALLAHABAD BANK
ALLA0210058,11,CUTTACK NAYA SARAK (MAIN),"NAYASARAK, CUTTACK, DISTRICT CUTTACK, ORISSA-753002",CUTTACK,CUTTAK,ODISHA,ALLAHABAD BANK
ALLA0210059,11,JAJPUR ROAD,BANK STREET P. O. JAJPUR ROAD DIST -JAJPUR ORISSA  755019,JAJPUR ROAD,JAJPUR,ODISHA,ALLAHABAD BANK
ALLA0210060,11,KUJANG,"VILL & PO KUJANG, DISTRICT JAGATSINGHPUR, ORISSA-754141",PARADEEP,JAGATSINGHPUR,ODISHA,ALLAHABAD BANK
ALLA0210061,11,AMINABAD,"13 & 14, AMINABAD PARK, LUCKNOW",LUCKNOW,LUCKNOW,UTTAR PRADESH,ALLAHABAD BANK
ALLA0210062,11,HAZRATGANJ,"HAZRATGANJ BRANCH, LUCKNOW",LUCKNOW,LUCKNOW,UTTAR PRADESH,ALLAHABAD BANK
ALLA0210063,11,CITY OFFICE,"311/3 KAMALA NEHRU MARG, CHOWK, LUCKNOW",LUCKNOW,LUCKNOW,UTTAR PRADESH,ALLAHABAD BANK
ALLA0210064,11,MALIHABAD,MIRZAGANJ MALIHABAD,MALIHABAD,LUCKNOW,UTTAR PRADESH,ALLAHABAD BANK
ALLA0210065,11,RAI BARELI,STATION ROAD RAI BAREILI - 229 001,RAE BARELI,RAEBAREILI,UTTAR PRADESH,ALLAHABAD BANK
ALLA0210066,11,HARDOI,"ALLAHABAD BANK, CIVIL LINES SHSHJAHANPUR BRANCH, GOVINDGANJ,UTTAR PRADESH, PIN 242001",HARDOI,HARDOI,UTTAR PRADESH,ALLAHABAD BANK
ALLA0210067,11,FATEHPUR,"130 HARIHAR GANJ FATEHPUR, UTTAR PRADESH 212601",FATEHPUR,FATEHPUR,UTTAR PRADESH,ALLAHABAD BANK
ALLA0210068,11,BINDKI,TEHSIL ROAD P.O.BINDKI DIST:FATEHPUR UTTAR PRADESH 212635,BINDKI,FATEHPUR,UTTAR PRADESH,ALLAHABAD BANK
ALLA0210069,11,KANPUR CITY,55/67A KAHOO KOTI KANPUR KANPUR UTTAR PRADESH 208001,KANPUR,KANPUR NAGAR,UTTAR PRADESH,ALLAHABAD BANK
ALLA0210070,11,KANPUR MAIN,"MAHATMA GANDHI MARG, KANPUR - 208001",KANPUR,KANPUR NAGAR,UTTAR PRADESH,ALLAHABAD BANK
ALLA0210071,11,SWAROOP NAGAR,"113/58, GROUND FLOOR, SWAROOP NAGAR, KANPUR - 208002",KANPUR,KANPUR NAGAR,UTTAR PRADESH,ALLAHABAD BANK
ALLA0210072,11,RANIA,"280 GHA, RANIA, DISTTT.- RAMABAI NAGAR (U.P.) - 209304",RANIWAN,AMBEDKAR NAGAR,UTTAR PRADESH,ALLAHABAD BANK
ALLA0210073,11,ORAI (JHANSI),"RAMNAGAR, POST BOX NO-27, ORAI, DISTT-JALAUN(UP),PINCODE-285001",ORAI,JALAUN,UTTAR PRADESH,ALLAHABAD BANK
ALLA0210074,11,JALAUN,"BHADAURIA BUILDING BUS STAND, DIST. JALAUN - 285 123 UTTAR PRADESH",JALAUN,JALAUN,UTTAR PRADESH,ALLAHABAD BANK
ALLA0210075,11,KALPI,"TURNENGANJ, KALPI, DISTT.- JALAUN (U.P.) - 285204",KALPI,JALAUN,UTTAR PRADESH,ALLAHABAD BANK
ALLA0210076,11,JHANSI CIVIL LINES,AZAMGARH UTTAR PRADESH 221304,JHANSI,JHANSI,UTTAR PRADESH,ALLAHABAD BANK
ALLA0210077,11,CHARKHARI,"JEYENDRA NAGAR PO. CHARKHARI, MAHOBA-210421",CHARKAHARI,MAHOBA,UTTAR PRADESH,ALLAHABAD BANK
ALLA0210078,11,MAHOBA,FEEDER ROAD MAHOBA DIST. MAHOBA - 210 427UTTAR PRADESH,MAHOBA,MAHOBA,UTTAR PRADESH,ALLAHABAD BANK
ALLA0210079,11,BANDA,GULARNAKA BANDA - 210 006 UTTAR PRADESH,BANDA,BANDA,UTTAR PRADESH,ALLAHABAD BANK
ALLA0210080,11,ATARRA,P.O.ATARRA DIST. BANDA - 210 201 UTTAR PRADESH,ATARRA,BANDA,UTTAR PRADESH,ALLAHABAD BANK
ALLA0210081,11,BABERU,"P.O.BABERU, BANDA, UTTAR PRADESH",BABERU,BANDA,UTTAR PRADESH,ALLAHABAD BANK
ALLA0210082,11,MANIKPUR,VILL.& P.O.MANIKPUR DIST. CHITRAKOOT UTTAR PRADESH 210208,MANIKPUR SARHAT,CHITRAKOOT,UTTAR PRADESH,ALLAHABAD BANK
ALLA0210083,11,NARAINI,VILL. & PO. NARAINI 210129,NARAINI,BANDA,UTTAR PRADESH,ALLAHABAD BANK
ALLA0210084,11,RAJAPUR,P.O.RAJPUR DIST. CHITRAKOOT UTTAR PRADESH 210207,RAJAPUR,CHITRAKOOT,UTTAR PRADESH,ALLAHABAD BANK
ALLA0210085,11,CIVIL LINES ALLAHABAD,"22 PD TANDON ROAD,CIVIL LINES,ALLAHABAD-211001",ALLAHABAD,ALLAHABAD,UTTAR PRADESH,ALLAHABAD BANK
ALLA0210086,11,ALLAHABAD KATRA,"64,MASTER ZAHURUL HASAN ROAD,KATRA,DIST-ALLAHABAD,PIN-211002",ALLAHABAD,ALLAHABAD,UTTAR PRADESH,ALLAHABAD BANK
ALLA0210087,11,ALLAHABAD CITY OFFICE,ALLAHABAD CITY OFFICE CHOWK NEAR SABJI MANDI211003,ALLAHABAD,ALLAHABAD,UTTAR PRADESH,ALLAHABAD BANK
ALLA0210088,11,JASRA,"VILL.& P.O. JASRA, DIST.ALLAHABAD UTTAR PRADESH 212107",JASRA,ALLAHABAD,UTTAR PRADESH,ALLAHABAD BANK
ALLA0210089,11,LALGOPALGANJ,AT./ P.O. LALGOPALGANJ. DISTT.-ALLAHABAD  UTTAR PRADESH 229401,LALGOPALGANJ,ALLAHABAD,UTTAR PRADESH,ALLAHABAD BANK
ALLA0210090,11,FAIZABAD,PALKI THANA FAIZABAD - 224 001 UTTAR PRADESH,FAIZABAD,FAIZABAD,UTTAR PRADESH,ALLAHABAD BANK
ALLA0210091,11,CHIRAYAKOTE ┬á,CHIRAYAKOTE DIST. MAUNATH BHANJAN UP - PIN- 276129,CHIRAYAKOTE,MAU,UTTAR PRADESH,ALLAHABAD BANK
ALLA0210092,11,VARANASI,"POST BOX NO 1133, VARANASI-221001",VARANASI,VARANASI,UTTAR PRADESH,ALLAHABAD BANK
ALLA0210093,11,VARANASI SANSKRIT UNIVERSITY,"VILL. & PO - RAM KATORA, LAHURABIR-VARANASI",VARANASI,VARANASI,UTTAR PRADESH,ALLAHABAD BANK
ALLA0210094,11,KHAMARIA,KHAMARIA DIST. SANT RAVIDAS NAGAR,KHAMARIA,SANT RAVIDAS NAGAR,UTTAR PRADESH,ALLAHABAD BANK
ALLA0210095,11,CHOUBEYPUR,VILL. & P.O. CHOUBEYPUR DIST. VARANASI- UP -PIN-221104,CHOUBEYPUR,VARANASI,UTTAR PRADESH,ALLAHABAD BANK
ALLA0210096,11,MIRZAPUR,DANKIN GANJ DIST. MIRZAPUR - 231 001 UTTAR PRADESH,MIRZAPUR,MIRZAPUR,UTTAR PRADESH,ALLAHABAD BANK
ALLA0210097,11,DUDHI,"PO & TEHSIL DUDHI, DIST-SONEBHADRA,U.P.┬á",DUDHI,SONBHADRA,UTTAR PRADESH,ALLAHABAD BANK
ALLA0210098,11,GHAZIPUR,"LAL DARWAJA, GHAZIPUR",GHAZIPUR,GAZIPUR,UTTAR PRADESH,ALLAHABAD BANK
ALLA0210099,11,YUSUFPUR ┬á,"P.O. MOHAMMADABAD YUSUFPUR, DIST. GHAZIPUR-UP",YUSUFPUR PIPALHEDA,MUZAFFARNAGAR,UTTAR PRADESH,ALLAHABAD BANK
ALLA0210100,11,DILDARNAGAR,DILDARNAGAR BAZAR WARD NO. 9 DIST. GHAZIPUR - 232 326  UTTAR PRADESH,DILDARNAGAR,GAZIPUR,UTTAR PRADESH,ALLAHABAD BANK
ALLA0210101,11,BANSDIH,"NEAR KUCHHEHRY , BANSDIH, DISTT. BALLIA (U.P.)",BANSDIH,BALLIA,UTTAR PRADESH,ALLAHABAD BANK
ALLA0210102,11,DEORIA,"ANSARI ROAD, DEORIA",DEORIA,DEORIA,UTTAR PRADESH,ALLAHABAD BANK
ALLA0210103,11,BARHAJ,BARHAJ DIST. DEORIA - 274 601  BARHAJ UTTAR PRADESH,BARHAJ,DEORIA,UTTAR PRADESH,ALLAHABAD BANK
ALLA0210104,11,GORAKHPUR CIVIL LINES,"CIVIL LINES,  GORAKHPUR",GORAKHPUR,GORAKPUR,UTTAR PRADESH,ALLAHABAD BANK
ALLA0210105,11,GORAKHPUR CITY,CITY OFFICE RETI CHOWK DISTT-GORAKHPUR UTTAR PRADESH  273001,GORAKHPUR,GORAKPUR,UTTAR PRADESH,ALLAHABAD BANK
ALLA0210106,11,GORAKHPUR UNIVERSITY,"DDU UNIVERSITY CAMPUS, GORAKHPUR",GORAKHPUR,GORAKPUR,UTTAR PRADESH,ALLAHABAD BANK
ALLA0210107,11,TARABGANJ,VILL & P.O.TARABGANJ DIST. GONDA UTTAR PRADESH PIN-271403,TARABGANJ,GONDA,UTTAR PRADESH,ALLAHABAD BANK
ALLA0210108,11,BHINGA,"NAI BAZAR, BHINGA-271831",BHINGA,SHRAVATI,UTTAR PRADESH,ALLAHABAD BANK
ALLA0210109,11,KAISERGANJ,"MAIN ROAD, KAISERGANJ, DISTT BAHRAICH , E-MAIL ID: KAISERGANJ@LUC.ALLAHABADBANK.CO.IN",KAISERGANJ,BAHRAICH,UTTAR PRADESH,ALLAHABAD BANK
ALLA0210110,11,CIVIL LINES SITAPUR,"ALLAHABAD BANK, CIVIL LINES SITAPUR BRANCH,CIVIL LINES SITAPUR, UTTAR PRADESH, PIN-261001",SITAPUR,SITAPUR,UTTAR PRADESH,ALLAHABAD BANK
ALLA0210111,11,LAHARPUR,"RLY. STATION HARGAON P.O.LAHARPUR,DIST. SITAPUR - 261 135,UTTAR PRADESH",LAHARPUR,SITAPUR,UTTAR PRADESH,ALLAHABAD BANK
ALLA0210112,11,MISRIKH-CUM NEEMSAR,"GANJ, MOHANA P.O. NAIMISHARANYA (NEEMSAR),DIST. SITAPUR - 261 402,UTTAR PRADESH",MISRIKH CUM NIMSAR,SITAPUR,UTTAR PRADESH,ALLAHABAD BANK
ALLA0210113,11,KHERI-TOWN,"MAIN ROAD KHERI TOWN, DISTT- LAKHIMPUR KHERI , (U.P.) PIN-262702",KHERI,LAKHIMPUR KHERI,UTTAR PRADESH,ALLAHABAD BANK
ALLA0210114,11,NIGHASAN,"VILL AND PO NIGHASAN, DIST:LAKHIMPUR KHERI, (UP) PIN:262903",NIGHASAN,LAKHIMPUR KHERI,UTTAR PRADESH,ALLAHABAD BANK
ALLA0210115,11,PALIA KALAN,"STATION CHAURAHA,MILL ROAD, PALIA KALAN, DISTT. - LAKHIMP,UTTAR PRADESH 262902",PALIA KALAN,LAKHIMPUR KHERI,UTTAR PRADESH,ALLAHABAD BANK
ALLA0210116,11,BAREILLLY CIVIL LINES,"POST BOX NO.-5 , CIVIL LINES , P.O /DIST- BAREILLY STATE - UTTAR PRADESH PIN-243001",BAREILLY,BAREILLY,UTTAR PRADESH,ALLAHABAD BANK
ALLA0210117,11,BAREILLY CITY,"P.O - CITY OFFICE , QUTABKHANA , POST BOX NO.-4 , DISTRICT- BAREILLY , STATE- UTTAR PRADESH PIN-243001",BAREILLY,BAREILLY,UTTAR PRADESH,ALLAHABAD BANK
ALLA0210118,11,BAREILLY SHAYAM GANJ,"P.O SHAYAM GANJ DISTRICT BAREILLY , STATE- UTTAR PRADESH PIN-243001",BAREILLY,BAREILLY,UTTAR PRADESH,ALLAHABAD BANK
ALLA0210119,11,BAREILLY KHALIL,"I.T.R. BUILDING KHALIPUR, CLUTTER-BUCKGANJ DIST. BAREILLY - 243 502 UTTAR PRADESH",BAREILLY,BAREILLY,UTTAR PRADESH,ALLAHABAD BANK
ALLA0210120,11,CIVIL LINES SHAHAJAHANPUR,"ALLAHABAD BANK, CIVIL LINES SHSHJAHANPUR BRANCH, GOVINDGANJ,UTTAR PRADESH, PIN 242001",SHAHJAHANPUR,SHAHJAHANPUR,UTTAR PRADESH,ALLAHABAD BANK
ALLA0210121,11,SHAHJAHANPUR CITY,MOTI CHOWK SHAHJAHANPUR - 242 001 UTTAR PRADESH,SHAHJAHANPUR,SHAHJAHANPUR,UTTAR PRADESH,ALLAHABAD BANK
ALLA0210122,11,BURHPUR,"7/263, LAL GATE BURHPUR FARRUKHABAD  UTTAR PRADESH 209625",FARRUKHABAD FATEHGARH,FARRUKHABAD,UTTAR PRADESH,ALLAHABAD BANK
ALLA0210123,11,MAKRAND NAGAR,G.T. ROAD MAKRAND NAGAR KANNAUJ  UTTAR PRADESH 209726,KANNAUJ,KANOOJ,UTTAR PRADESH,ALLAHABAD BANK
ALLA0210124,11,ETAWAH,"VINODNAGAR, NAURANGABAD ETAWAH  UTTAR PRADESH 206001",ETAWAH,ETAWAH,UTTAR PRADESH,ALLAHABAD BANK
ALLA0210125,11,AURAIYA,HOMESGANJ AURAIYA DIST. AURAIYA- 206 122 UTTAR PRADESH 206122,AURAIYA,AURAIYA,UTTAR PRADESH,ALLAHABAD BANK
ALLA0210126,11,AGRA BELANGANJ,NEW CHAURAHA BELANGANJ AGRA  282004,AGRA,AGRA,UTTAR PRADESH,ALLAHABAD BANK
ALLA0210127,11,AGRA CHILINT ROAD,"17/254 & 255 CHHILI-INT ROAD,AGRA,PIN-282003",KANPUR,KANPUR NAGAR,UTTAR PRADESH,ALLAHABAD BANK
ALLA0210128,11,AGRA CITY (HINGKI MANDI),"9/635 HING KI MANDI,DIST AGRA-282002",AGRA,AGRA,UTTAR PRADESH,ALLAHABAD BANK
ALLA0210129,11,AGRA UNIVERSITY CAMPUS,"AGRA UNIVERSITY CAMPUS, PALIWAL PARK,AGRA,PIN-282004",KANPUR,KANPUR NAGAR,UTTAR PRADESH,ALLAHABAD BANK
ALLA0210131,11,FIROZABAD,"MAIN BRANCH, BYPASS ROAD, FIROZABAD-283203",FIROZABAD,FIROZABAD,UTTAR PRADESH,ALLAHABAD BANK
ALLA0210132,11,MATHURA,"TILAK DWAR , MATHURA DISTRICT - MATHURA STATE- UTTAR PRADESH , PIN-281001",MATHURA,MATHURA,UTTAR PRADESH,ALLAHABAD BANK
ALLA0210133,11,ALIGARH RAILWAY ROAD,"GANDHI MARG , SUBHASH ROAD DISTRICT- ALIGARH , STATE- UTTAR PRADESH PIN-202001",ALIGARH,ALIGARH,UTTAR PRADESH,ALLAHABAD BANK
ALLA0210134,11,ALIGARH MUSLIM UNIVERSITY,"ALIGARH MUSLIM UNIVERSITY CAMPUS, DIST.- ALIGARH STATE -UTTAR PRADESH PIN-202001",ALIGARH,ALIGARH,UTTAR PRADESH,ALLAHABAD BANK
ALLA0210135,11,HATHRAS,SASNI GATE HATHRAS CITY DIST. HATRAS - 204 101 UTTAR PRADESH,HATHRAS,LAKHIMPUR KHEDI,UTTAR PRADESH,ALLAHABAD BANK
ALLA0210136,11,GULAOTHI,"GANDHI GANJ, SAIDPUR ROAD, GULAOTHI, DISTT. - BULANDSAHR,UTTAR PRADESH 245408",GULAOTHI,BULANDSHAHR,UTTAR PRADESH,ALLAHABAD BANK
ALLA0210137,11,AURANGABAD ┬á,"VILL & PO - AURANGABAD DISST BULANDSHAHR (UP),PIN-245401",AURANGABAD,BULANDSHAHR,UTTAR PRADESH,ALLAHABAD BANK
ALLA0210192,11,CIVIL LINES  NAGPUR,"PALM ROAD CIVIL LINES, NAGPUR-1",NAGPUR,NAGPUR,MAHARASHTRA,ALLAHABAD BANK
ALLA0210138,11,BUGRASI ┬á,"VILL & PO - BUGRASI, DISTT BULANDSHAHR (UP), PIN-245403",BUGRASI,BULANDSHAHR,UTTAR PRADESH,ALLAHABAD BANK
ALLA0210139,11,JEWAR,SARAI NEM SINGH PO-JEWAR DISTT. G.B.NAGAR PIN-203135,MEERUT,MEERUT,UTTAR PRADESH,ALLAHABAD BANK
ALLA0210140,11,PAHASU ┬á,"VILL & PO-PAHASU, DISTT BULANDSHAHR (UP), PIN-202396",PAHASU,BULANDSHAHR,UTTAR PRADESH,ALLAHABAD BANK
ALLA0210141,11,RABUPURA,V&PO- RABUPURA DISTT. G.B.NAGAR PIN-203209 U.P,MEERUT,MEERUT,UTTAR PRADESH,ALLAHABAD BANK
ALLA0210142,11,MEERUT CANTONMENT,"55-THE MALL, MEERUT CANTT (UP)PIN - 250001",MEERUT,MEERUT,UTTAR PRADESH,ALLAHABAD BANK
ALLA0210143,11,MEERUT KHAIR NAGAR BAZAR,"AHMED RAOD, OPPOSITE DAFRIN HOSPITAL DISTT.MEERUT UTTAR PRADESH  250002",MEERUT,MEERUT,UTTAR PRADESH,ALLAHABAD BANK
ALLA0210144,11,MEERUT UNIVERSITY,"CCS UNIVERSITY CAMPUS, MEERUT (UP)",MEERUT,MEERUT,UTTAR PRADESH,ALLAHABAD BANK
ALLA0210145,11,WRIGHTGANJ,"HAPUR ROAD, WRIGHT GANJ, GHAZIABAD",DELHI,NEW DELHI,DELHI,ALLAHABAD BANK
ALLA0210146,11,HAPUR,"TEHSIL CHOPLA, HAPUR, DIST-GHAZIABAD PIN-245101",HAPUR,GHAZIABAD,UTTAR PRADESH,ALLAHABAD BANK
ALLA0210147,11,MODINAGAR,"RAILWAY ROAD, MODINAGAR DIST GHAZIABAD PIN-201204",MODINAGAR,GHAZIABAD,UTTAR PRADESH,ALLAHABAD BANK
ALLA0210148,11,MUZAFFARNAGAR (MEERUT),"36A, NAI MANDI, MUZAFFARNAGAR PIN-251001",MUZAFFARNAGAR,MUZAFFAR NAGAR,UTTAR PRADESH,ALLAHABAD BANK
ALLA0210149,11,UN,"V&PO-UN, DISTT MUZAFFAR NAGAR PIN-247778",UN,MUZAFFARNAGAR,UTTAR PRADESH,ALLAHABAD BANK
ALLA0210150,11,MORADABAD CITY,"SITA RAM MARKET AMROHA GATE, POST BOX NO.23 MORADABAD CITY - 244 001  UTTAR PRADESH",MORADABAD,MORADABAD,UTTAR PRADESH,ALLAHABAD BANK
ALLA0210151,11,CIVIL LINES MORADABAD,"CIVIL LINES, POST BOX -5 , MORADABAD STATE- UTTAR PRADESH PIN-244001",MORADABAD,MORADABAD,UTTAR PRADESH,ALLAHABAD BANK
ALLA0210152,11,CHANDAUSI,"BANK ROAD , CHANDUASI DISTRICT - MORADABAD , STATE- UTTAR PRADESH , PIN-202412",CHANDAUSI,MORADABAD,UTTAR PRADESH,ALLAHABAD BANK
ALLA0210153,11,KASHIPUR,"ALLAHABAD BANK,RAMNAGAR ROAD,KASHIPUR,DISTT.-UDDHAM SINGH NAGAR,UTTARAKHAND-244713",KASHIPUR,UDHAMSINGH NAGAR,UTTARAKHAND,ALLAHABAD BANK
ALLA0210154,11,NAINITAL,"ALLAHABAD BANK,PT. G.B.PANT MARG,POST MALLITAL,DISTT-NAINITAL,UTTRAKHAND-263001",NAINITAL,NAINITAL,UTTARAKHAND,ALLAHABAD BANK
ALLA0210155,11,RUDRAPUR,"BEHIND ARYA SAMAJ MANDIR, MAIN MARKET, P.O- RUDRAPUR DIST. UDHAM SINGH NAGAR UTTARAKHAND RUDRAPUR UTTARAKHAND 263153",DEHRA DUN,DEHRADUN,UTTARAKHAND,ALLAHABAD BANK
ALLA0210156,11,DEHRADUN,"ALLAHABAD BANK,1 GANDHI ROAD,NEAR CLOCK TOWER,DEHRADUN-248001,UTTARAKHAND",DEHRADUN,DEHRADUN,UTTARAKHAND,ALLAHABAD BANK
ALLA0210157,11,MUSSOORIE,"THE MALL ROAD, JHULA GHAR, MUSSOORIE DIST- DEHRADUN UTTARAKHAND  248179",MUSSOORIE,DEHRADUN,UTTARAKHAND,ALLAHABAD BANK
ALLA0210158,11,CHANDNI CHOWK,"4398, CHANDNI CHOWK, POST BOX NO. 1027",DELHI,NEW DELHI,DELHI,ALLAHABAD BANK
ALLA0210159,11,HAUZ QAZI,"AJMERI GATE BAZAR, HAUS QAZI",DELHI,NEW DELHI,DELHI,ALLAHABAD BANK
ALLA0210160,11,SADAR BAZAAR,"4875, PHOOTA ROAD, BARA TOOTI,  SADAR BAZAR,",DELHI,NEW DELHI,DELHI,ALLAHABAD BANK
ALLA0210161,11,SCINDIA HOUSE,"72-79, SCINDHIA HOUSE, JANPATH, NEW DELHI - 1",DELHI,NEW DELHI,DELHI,ALLAHABAD BANK
ALLA0210162,11,KAROL BAGH,"100174,GURUDWARA ROAD, NEAR BIKANER WALA, KAROLBAGH",DELHI,NEW DELHI,DELHI,ALLAHABAD BANK
ALLA0210163,11,PARLIAMENT STREET  NEW DELHI,",17 PARLIAMENT STREET NEW DELHI",DELHI,NEW DELHI,DELHI,ALLAHABAD BANK
ALLA0210164,11,ALIPUR,"NARELA ROAD, VILL. & P.O. ALIPUR",DELHI,NEW DELHI,DELHI,ALLAHABAD BANK
ALLA0210165,11,ABOHAR,"STREE NO 12/13, CIRCULAR ROAD, ABOHAR - 152116",ABOHAR,FEROZEPUR,PUNJAB,ALLAHABAD BANK
ALLA0210166,11,AMRITSAR KATRA AHLUWALIA,"KATRA AHLUWALIA, AMRITSAR - 143001",AMRITSAR,AMRITSAR,PUNJAB,ALLAHABAD BANK
ALLA0210167,11,BATALA,"G. T. ROAD, BATALA DIST. GURDASPUR - 143 505 PUNJAB",BATALA,GURDASPUR,PUNJAB,ALLAHABAD BANK
ALLA0210168,11,BATALA QUADIAN CHUNGI,"QUADIAN CHUNGI BATALA,DIST- GURDASPUR - 143 505,PUNJAB",QADIAN,GURDASPUR,PUNJAB,ALLAHABAD BANK
ALLA0210169,11,KAPURTHALA,"THE MALL, KAPURTHALA DIST. KAPURTHALA PUNJAB 144601",KAPURTHALA,KAPURTHALA,PUNJAB,ALLAHABAD BANK
ALLA0210170,11,JALANDHAR CITY OFFICE,"NO. 385, ADDA HOSHIARPUR, MAI HIRA GATE, JALANDHAR - 144008",JALANDHAR,JALANDHAR,PUNJAB,ALLAHABAD BANK
ALLA0210171,11,JALANDHAR CIVIL LINES,"OPPOSITE NEHRU GARDEN, NEAR GPO, CIVIL LINES, JALANDHAR - 144001",JALANDHAR,JALANDHAR,PUNJAB,ALLAHABAD BANK
ALLA0210172,11,LUDHIANA CLOCK TOWER,"5,ATTAR SINGH STREET, NEAR CLOCK TOWER LUDHIANA-141 001",LUDHIANA,LUDHIANA,PUNJAB,ALLAHABAD BANK
ALLA0210173,11,AMBALA CANTONMENT,"NICHOLSON ROAD,PORKHARDAS CHACHRA & SONS BLDG, AMBALA-133001",AMBALA CANTT.,AMBALA,HARYANA,ALLAHABAD BANK
ALLA0210174,11,SADHAURA,"THANEWALI GALI, VPO SADHAURA, DIST. YAMUNA NAGAR, HARYANA 133204",SADHAURA,YAMUNANAGAR,HARYANA,ALLAHABAD BANK
ALLA0210175,11,ROHTAK,"ALLAHABAD BANK, JHAJJAR ROAD, ROHTAK,PIN-124001",ROHTAK,ROHTAK,HARYANA,ALLAHABAD BANK
ALLA0210176,11,CHANDIGARH,"SECTOR-17B,SCO-49-50, BANKSQUARE CHANDIGARH-170016",CHANDIGARH,CHANDIGARH,CHANDIGARH,ALLAHABAD BANK
ALLA0210177,11,JAIPUR MI ROAD,"JAIPURIA MANSION, MI ROAD JAIPUR",JAIPUR,JAIPUR,RAJASTHAN,ALLAHABAD BANK
ALLA0210178,11,AJMER,"KUTCHERY ROAD,AJMER",AJMER,AJMER,RAJASTHAN,ALLAHABAD BANK
ALLA0210179,11,SRIGANGANAGAR & RBB,"SHAH COMPLEX OPP.S.D.COLLEGE,SURATGARH ROAD SRIGANGANAGAR RAJASTHAN",JAIPUR,JAIPUR,RAJASTHAN,ALLAHABAD BANK
ALLA0210180,11,SHEHRA,"VILL & PO-SILTHAN;DIST. SONBHADRA, U.P.",SILTHAN,SONBHADRA,UTTAR PRADESH,ALLAHABAD BANK
ALLA0210181,11,MASKATI MARKET,"┬á1ST FLOOR, STHULI BHADRA BLDG, REID ROAD, AHMEDABAD",AHMEDABAD,AHMEDABAD,GUJARAT,ALLAHABAD BANK
ALLA0210182,11,FORT BRANCH  MUMBAI,"37, MUMBAI SAMACHAR MARG, FORT, MUMBAI",MUMBAI,GREATER MUMBAI,MAHARASHTRA,ALLAHABAD BANK
ALLA0210184,11,DADAR,"SENAPATI BAPAT MARG, DADAR B.S. ROAD",MUMBAI,GREATER MUMBAI,MAHARASHTRA,ALLAHABAD BANK
ALLA0210185,11,KALBADEVI,"232/34, CHAMBER BHAVAN, KALBADEVI,DIST-GREATER MUMBAI. MUMBAI,.",MUMBAI,GREATER MUMBAI,MAHARASHTRA,ALLAHABAD BANK
ALLA0210186,11,KALINA BRANCH MUMBAI,"292/11, WADIA TECHNICAL INSTITUTE BLDG. , C S T ROAD,VIDYANAGARI P O, KALINA, MUMBAI - 400 098",MUMBAI,GREATER MUMBAI,MAHARASHTRA,ALLAHABAD BANK
ALLA0210187,11,PAREL BRANCH MUMBAI,"DR. AMBEDKAR ROAD, PAREL, POST BOX NO 6610, MUMBAI -12",MUMBAI,GREATER MUMBAI,MAHARASHTRA,ALLAHABAD BANK
ALLA0210188,11,PUNE SADASHIV PETH,"SEVA SADAN SOCIETY BUILDING,LAXMI ROAD,613/14,SADASHIV PETH,PUNE-411030",PUNE,PUNE,MAHARASHTRA,ALLAHABAD BANK
ALLA0210189,11,CHANDRAPUR,NEAR LAXMINARAYAN MANDIR CHANDRAPUR MAHARASHTRA  442401,CHANDRAPUR,CHANDRAPUR,MAHARASHTRA,ALLAHABAD BANK
ALLA0210190,11,NAGPUR CITY (MANEWADA ROAD),"MANEWADA RD BR. PLOT NO 3, NAGLWAR COMPLEX,MANEWADA CEMENT RD,P.O.MAHALAXMI NAGAR,NAGPUR",NAGPUR,NAGPUR,MAHARASHTRA,ALLAHABAD BANK
ALLA0210191,11,GANDHIBAG  NAGPUR,"C.A. ROAD, NEAR HOTEL DARSHAN, NAGPUR",NAGPUR,NAGPUR,MAHARASHTRA,ALLAHABAD BANK
ALLA0210193,11,NARKHED,"OPP. POLICE STATION, NARKHED, NAGPUR, 441304, MAHARASHTRA",NARKHED,NAGPUR,MAHARASHTRA,ALLAHABAD BANK
ALLA0210194,11,SINDI,"PIMPALWAR BHAWAN, MAIN ROAD, , SINDI, WARDHA, 442105, MAHARASHTRA",SINDHI,WARDHA,MAHARASHTRA,ALLAHABAD BANK
ALLA0210195,11,AKOLA,"CHAMBER OF FARMERS, OLD COTTON MARKET",AKOLA,AKOLA,MAHARASHTRA,ALLAHABAD BANK
ALLA0210196,11,BHOPAL HAMIDIA ROAD (MAIN),"CORPORATION BUILDING, NEW BUS STAND,HAMIDIA ROAD DIST. BHOPAL MADHYA PRADESH  462001",BHOPAL,BHOPAL,MADHYA PRADESH,ALLAHABAD BANK
ALLA0210197,11,BHOPAL ARERA COLONY,E 1 / 74 ARERA COLONY BHOPAL,BHOPAL,BHOPAL,MADHYA PRADESH,ALLAHABAD BANK
ALLA0210198,11,CIVIL LINES,"RESIDENCY ROAD, CIVIL LINES, JABALPUR",JABALPUR,JABALPUR,MADHYA PRADESH,ALLAHABAD BANK
ALLA0210199,11,JABALPUR CITY OFFICE,"RANITAL CHOWK,JABALPUR",JABALPUR,JABALPUR,MADHYA PRADESH,ALLAHABAD BANK
ALLA0210200,11,JABALPUR SHASTRI MARG,"NEAR SHASTRI MARG BUS STAND, DIST JABALPUR - 482 002 MADHYA PRADESH",JABALPUR,JABALPUR,MADHYA PRADESH,ALLAHABAD BANK
ALLA0210201,11,INDORE MAIN,"INDORE MAIN BRANCH, 20/1 A NEW PALASIA INDORE,M.P. PH:0731-2545253,0731-2548595",INDORE,INDORE,MADHYA PRADESH,ALLAHABAD BANK
ALLA0210202,11,PACHORE,"NEAR PACHORE PETROL PUMP, VILL. & P.O. PACHORE,  DIST. RAJGARH,PACHORE - 465 683,MADHYA PRADESH,",PACHORE,RAJGARH,MADHYA PRADESH,ALLAHABAD BANK
ALLA0210203,11,SATNA MAIN,"SATNA MAIN BRANCH, JAI STAMBH CHOWK, SATNA- MP 485001",SATNA,SATNA,MADHYA PRADESH,ALLAHABAD BANK
ALLA0210204,11,AMARPATAN,"VILLAGE & POST,AMARPATAN",AMARPATAN,SATNA,MADHYA PRADESH,ALLAHABAD BANK
ALLA0210205,11,UNCHEHRA,ALLAHABAD BANK UNCHEHRA DISTT SATNA,UNCHEHRA,SATNA,MADHYA PRADESH,ALLAHABAD BANK
ALLA0210206,11,MAUGANJ,"ALLAHABAD BANK ,VILL & PO MAUGANJ DISTT REWA",SATNA,SATNA,MADHYA PRADESH,ALLAHABAD BANK
ALLA0210207,11,JIAWAN,"ALLAHABAD BANK, JIAWAN (DEOSAR) PO JIAWAN DISTT SINGRAULI",JIAWAN(DEOSAR),SIDHI,MADHYA PRADESH,ALLAHABAD BANK
ALLA0210208,11,WAIDHAN,VILL. & P.O. WAIDHAN SINGRAULI DIST. SIDHI - 486 886  MADHYA PRADESH,WAIDHAN,SINDI,MADHYA PRADESH,ALLAHABAD BANK
ALLA0210209,11,DURG,"NAHAR COMPLEX,1ST FLOOR,OLD BUS STAND DURG CHATTISGARH 491001",DURG,DURG,CHANDIGARH,ALLAHABAD BANK
ALLA0210210,11,RAJNANDGAON,"JAISTAMBH CHOWK , HATRI BAZAR, RAJNANDGAON CHATTISGARH 491441",RAJNANDGAON,RAJNANDGAON,CHANDIGARH,ALLAHABAD BANK
ALLA0210211,11,RAIPUR,"AMRIT SANDESH COMPLEX, G E ROAD, RAIPUR-492001",RAIPUR,RAIPUR,CHANDIGARH,ALLAHABAD BANK
ALLA0210212,11,SIMGA,"TILDA ROAD , SIMGA , DIST ┬û RAIPUR , PIN ┬û 493101",SIMGA,RAIPUR,CHANDIGARH,ALLAHABAD BANK
ALLA0210213,11,HYDERABAD,"5-1-680,T.K. HOUSE,POST BOX-166,BANK STREET,HYDERABAD,ANDHRA PRADESH",HYDERABAD,HYDERABAD URBAN,ANDHRA PRADESH,ALLAHABAD BANK
ALLA0210214,11,KASIBUGGA,"K.T. ROAD, KASIBUGGA KASIBUGGA PALASA MANDAL, SRIKAKULAM DISTRICT KASIBUGGA ANDHRA PRADESH 532222",KASIBUGGA,SRIKAKULAM,ANDHRA PRADESH,ALLAHABAD BANK
ALLA0210215,11,GUNTUR,"D R NO 5-31-5, GROUND FLOOR, 3/14, BRODIEPET,GUNTUR",GUNTUR,GUNTUR,ANDHRA PRADESH,ALLAHABAD BANK
ALLA0211685,11,LAKHIPUR,P.O.LAKHIPUR  DIST:SAHIBGANJ,LAKHIPUR,SAHEBGANJ,JHARKHAND,ALLAHABAD BANK
ALLA0210216,11,TADEPALLI,"MAIN ROAD, TADEPALLI VILL & POST0, MANGALAGIRI ROAD  GUNTUR DISTRICT TADEPALLI ANDHRA PRADESH 522501",TADEPALLI,GUNTUR,ANDHRA PRADESH,ALLAHABAD BANK
ALLA0210217,11,K. G. ROAD,"NO. 2, FKCCI BUILDING , K G ROAD , BANGALORE",BANGALORE,BANGALORE URBAN,KARNATAKA,ALLAHABAD BANK
ALLA0210218,11,MOUNT ROAD BRANCH  CHENNAI,"41, ANNA SALAI, MOUNT ROAD, CHENNAI-2",CHENNAI,CHENNAI,TAMIL NADU,ALLAHABAD BANK
ALLA0210219,11,ERNAKULAM,M. G. ROAD 1837/38/F ERNAKULAM - 682 035,ERNAKULAM,ERNAKULAM,KERALA,ALLAHABAD BANK
ALLA0210220,11,ITARHI,"VILL. & P.O. ITARHI, DIST -BUXAR -803024",ITARHI,BUXAR,BIHAR,ALLAHABAD BANK
ALLA0210221,11,NARAINPUR,VILL. & P.O.NARAINPUR DIST. MIRZAPUR - 231 012  UTTAR PRADESH,NARAINPUR,MIRZAPUR,UTTAR PRADESH,ALLAHABAD BANK
ALLA0210222,11,PHULWARISHARIF,PHULWARISHARIF DIST. PATNA - 800 505 BIHAR PATNA BIHAR 500505,PATNA,PATNA,BIHAR,ALLAHABAD BANK
ALLA0210223,11,ISLAMPUR,"MAIN ROAD,ISLAMPUR,DIST NALANDA BIHAR-801303",NALANDA,NALANDA,BIHAR,ALLAHABAD BANK
ALLA0210224,11,BANJARI,"P.O. BANJARI , DIST - SASARAM -821303",PATNA,PATNA,BIHAR,ALLAHABAD BANK
ALLA0210225,11,THANA BIHPUR,"VILL AND PO-THANA BIHPUR, DIST-BHAGALPUR(BIHAR)",THANA BIHPUR,BHAGALPUR,BIHAR,ALLAHABAD BANK
ALLA0210226,11,BARUIPARA,"VILL & POST: BARUIPARA, DIST:HOOGHLY, WESTBENGAL, PIN:712306",BARUIPARA,HUGLI,WEST BENGAL,ALLAHABAD BANK
ALLA0210227,11,BEGUMPUR,"VILL. P.O. BEGAMPUR,DIST. HOOGHLY,WEST BENBAL 712306",BEGUMPUR,HUGLI,WEST BENGAL,ALLAHABAD BANK
ALLA0210228,11,RASULPUR(W. B.),VILL. & P.O. RASULPUR DIST. BURDWAN - 713 151,RASULPUR,BARDDHAMAN,WEST BENGAL,ALLAHABAD BANK
ALLA0210229,11,MALL,VILL. & P.O. MALL DIST. LUCKNOW - 227 115,MALL,LUCKNOW,UTTAR PRADESH,ALLAHABAD BANK
ALLA0210230,11,NAWABGANJ UNNAO,VILL. & P.O. NAWABGANJ DIST. UNNAO - 209 859,NAWABGANJ,UNNAO,UTTAR PRADESH,ALLAHABAD BANK
ALLA0210231,11,HAMIRPUR,"KING ROAD, GWALTOLI,P.O. & DIST. HAMIRPUR-210 301",HAMIRPUR,HAMIRPUR,UTTAR PRADESH,ALLAHABAD BANK
ALLA0210232,11,MUSKARA,VILL. & PO. MUSKARA 210506,MUSKARA,HAMIRPUR,UTTAR PRADESH,ALLAHABAD BANK
ALLA0210233,11,PANWARI,VILL. & PO. PANWARI 210429,PANWARI,MAHOBA,UTTAR PRADESH,ALLAHABAD BANK
ALLA0210234,11,JAHANAGANJ,"VILL & P.O.: JAHANAGANJ, DISTT: AZAMGARH, PIN - 276131, (U.P.)",JAHANGANJ,AZAMGARH,UTTAR PRADESH,ALLAHABAD BANK
ALLA0210235,11,DULHAPUR ┬á,DULHAPUR DIST. GHAZIPUR  UP- PIN -275202,DULHAPUR,SULTANPUR,UTTAR PRADESH,ALLAHABAD BANK
ALLA0210236,11,BHATHAT,"VILL: BHATHAT, P.O.:BHATHAT BAZAR, DISTT: GORAKHPUR, PIN-273306(U.P.)",BHATHAT,GORAKHPUR,UTTAR PRADESH,ALLAHABAD BANK
ALLA0210237,11,GONDA,"BAHRAICH ZONE, NEAR BUS STATION, GONDA",GONDA,GONDA,UTTAR PRADESH,ALLAHABAD BANK
ALLA0210238,11,BAHRAICH,"MEWATIPURA, BAHRAICH",BAHRAICH,BAHRAICH,UTTAR PRADESH,ALLAHABAD BANK
ALLA0210239,11,IKAUNA,"IKAUNA BAZAR, VILLAGE & PO- IKAUNA, DISTRICT- SRAWASTI, 271845 UTTAR PRADESH",IKAUNA,SHRAVASTI,UTTAR PRADESH,ALLAHABAD BANK
ALLA0210240,11,SAMPURNA NAGAR,"VILL AND PO SAMPURNA NAGAR, DIST LAKHIMPUR KHERI, PIN:262904",SAMPURNA NAGAR,LAKHIMPUR KHERI,UTTAR PRADESH,ALLAHABAD BANK
ALLA0210241,11,FARRUKHABAD,CHOWK RAILWAY ROAD FARRUKHABAD DIST. FARRUKHABAD UTTAR PRADESH,FARRUKHABAD FATEHGARH,FARRUKHABAD,UTTAR PRADESH,ALLAHABAD BANK
ALLA0210242,11,THATIA,"P.O. AND VILL. THATIA, BLOCK-UMARTHA FARRUKHABAD (U.P.) - 209734",FARRUKHABAD FATEHGARH,FARRUKHABAD,UTTAR PRADESH,ALLAHABAD BANK
ALLA0210243,11,SHAHPURA (BHITONI),"VILL. & P.O. SHAHPURA (BHITONI), DIST. JABALPUR - 483 119, MADHYA PRADESH",SHAHPURA,JABALPUR,MADHYA PRADESH,ALLAHABAD BANK
ALLA0210244,11,RAMPUR BHAGELAN,ALLAHABAD BANK RAMPUR BAGHELAN DISTT SATNA,RAMPUR BAGHELAN,SATNA,MADHYA PRADESH,ALLAHABAD BANK
ALLA0210245,11,JAITWARA,"ALLAHABAD BANK JAITWARA,DISTT SATNA",JAITWARA,SATNA,MADHYA PRADESH,ALLAHABAD BANK
ALLA0210246,11,RAMNAGAR,"ALLAHABAD BANK, VILL&PO RAMNAGAR DISTT SATNA",RAMNAGAR,SATNA,MADHYA PRADESH,ALLAHABAD BANK
ALLA0210247,11,REWA,A.P.S. UNIVERSITY CAMP[US AT/ PO/DIST..- REWA MADHYA PRADESH  486001,REWA,REWA,MADHYA PRADESH,ALLAHABAD BANK
ALLA0210248,11,MANGAWAN,"ALLAHABAD BANK, VILL&PO MANGAWAN DISTT REWA",MANGAWA,REWA,MADHYA PRADESH,ALLAHABAD BANK
ALLA0210249,11,SEMARIYA,ALLAHABAD BANK SEMARIYA DISTT REWA,SATNA,SATNA,MADHYA PRADESH,ALLAHABAD BANK
ALLA0210250,11,BAIKUNTHAPUR,"ALLAHABAD BANK,BAIKUNTHPUR  DISTT.REWA",SATNA,SATNA,MADHYA PRADESH,ALLAHABAD BANK
ALLA0210251,11,BARGAWAN ┬á,"ALLAHABAD BANK, VILL&PO BARGAWAN DISTT SINGRAULLI",BARGAWAN,AURANGABAD,BIHAR,ALLAHABAD BANK
ALLA0210252,11,MAJHAULI,"ALLAHABAD BANK, AT & PO MAJHAULI DISTT SIDHI",MAJHAULI,SIDHI,MADHYA PRADESH,ALLAHABAD BANK
ALLA0210253,11,SIDHI,"HOSPITAL CHOWK,SIDHI",SIDHI,SINDI,MADHYA PRADESH,ALLAHABAD BANK
ALLA0210254,11,MORWA,MORWA P.O. SINGRAULI COLLIERY DIST. SIDHI - 486 889 DIST. SIDHI - 486 889 SIDHI MADHYA PRADESH 486889,SATNA,SATNA,MADHYA PRADESH,ALLAHABAD BANK
ALLA0210255,11,RANIGANJ,"VILL-RANIGANJ, PO-MERIGANJ, DIST-ARARIA(BIHAR)",RANIGANJ,ARARIA,BIHAR,ALLAHABAD BANK
ALLA0210256,11,MAU,"AT. MAU P.O.- MAU, NEAR MAU TEHSIL, DIST. CHITRAKOOT UTTAR PRADESH 210209",MAU,CHITRAKOOT,UTTAR PRADESH,ALLAHABAD BANK
ALLA0210257,11,RANIGANJ BAZAR,ASHOKE MARKET RANIGANJ BAZAR DIST. BALLIA  UTTAR PRADESH 277208,RANIGANJ BAZAR,BALIA,UTTAR PRADESH,ALLAHABAD BANK
ALLA0210258,11,KOLKATA HAZRA ROAD,"37, HAZRA ROAD KOLKATA - 700 029  WEST BENGAL",KOLKATA,KOLKATA,WEST BENGAL,ALLAHABAD BANK
ALLA0210259,11,BULANDSHAHR,"NEAR RAJA BABU PARK, CIVIL LINES BULANDSHAHAR PIN-203001",BULANDSHAHR,BULANDSHEHAR,UTTAR PRADESH,ALLAHABAD BANK
ALLA0210260,11,GWALIOR,SANATAN DHARAM MANDIR MARG DIST. GWALIOR MADHYA PRADESH  474001,GWALIOR,GWALIOR,MADHYA PRADESH,ALLAHABAD BANK
ALLA0210261,11,MULUND BRANCH MUMBAI,"SHRIRAM KUTIR, SAU LAXMIBHAI SCHOOL, NAVGHAR ROAD, MULUND EAST, MUMBAI - 400081",MUMBAI,GREATER MUMBAI,MAHARASHTRA,ALLAHABAD BANK
ALLA0210262,11,BIDUPUR,"ALLAHABAD BANK, BIDUPUR BAZAR,DISTT. :-VAISHALI, BIHAR, PIN CODE:-844503",BIDURPUR,VAISHALI,BIHAR,ALLAHABAD BANK
ALLA0210263,11,MADHOGARH,"P.O. AND VILL. MADHOGARH, DISTT.-JALAUN (U.P.) - 285126",MADHOGARH,JALAUN,UTTAR PRADESH,ALLAHABAD BANK
ALLA0210264,11,AIT,"PO AND VILL. - AIT, DISTT.-JALAUN (U.P.) - 282501",AIT,JALAUN,UTTAR PRADESH,ALLAHABAD BANK
ALLA0210265,11,KACHWA BAZAR,"KACHWA BAZAR; DISTT-MIRZAPUR, PIN231501,U.P.",KACHHWA,MIRZAPUR,UTTAR PRADESH,ALLAHABAD BANK
ALLA0210266,11,KABRAI,VILL. & PO. KABRAI 210424,KABRAI,MAHOBA,UTTAR PRADESH,ALLAHABAD BANK
ALLA0210267,11,MATERA,"VILLAG & PO- MATERA, DISTRICT- BAHRAICH, 271881 (U.P.)",MATERA,BAHRAICH,UTTAR PRADESH,ALLAHABAD BANK
ALLA0210268,11,FAKHARPUR,"VILLAGE & PO- FAKHARPUR, DISTRICT- BAHRAICH, 271902 UTTAR PRADESH",FAKHERPUR,BAHRAICH,UTTAR PRADESH,ALLAHABAD BANK
ALLA0210269,11,MAIGALGANJ,"VILL AND P.O.-MAIGALGANJ, DISTT- LAKHIMPUR KHERI , (U.P.) PIN-261505",MAIGALGANJ,LAKHIMPUR KHERI,UTTAR PRADESH,ALLAHABAD BANK
ALLA0210270,11,BIJAIPUR┬á,"VILL & P.O. BIJAIPUR, DISTT-MIRZAPUR, PIN231313,U.P.",BIJAIPUR,MIRZAPUR,UTTAR PRADESH,ALLAHABAD BANK
ALLA0210271,11,KADAURA,"SHREE RAM BHAWAN FARRASHKHANA, KADAURA, P.O. - BAONI STATE, DISTT. - JALAUN (U.P.) - 285203",KADAURA,JALAUN,UTTAR PRADESH,ALLAHABAD BANK
ALLA0210272,11,LALGANJ┬á,"VILL & PO-LALGANJ, DISTT-MIRZAPUR (U.P.)",LALGANJ,MIRZAPUR,UTTAR PRADESH,ALLAHABAD BANK
ALLA0210273,11,KHAMARIA PANDIT,"VILL  KHAMARIA PANDIT , P.O.-AIRA , DISTT- LAKHIMPUR KHERI , (U.P.)",KHAMARIA PANDIT,LAKHIMPUR KHERI,UTTAR PRADESH,ALLAHABAD BANK
ALLA0210274,11,KUTHOND,"PO AND VILL. - KUTHOND, DISTT.-JALAUN (U.P.) - 282125",KUTHOND,JALAUN,UTTAR PRADESH,ALLAHABAD BANK
